api_uri,district,domain,facebook_account,facebook_id,first_name,id,last_name,middle_name,missed_votes_pct,party,rss_url,seniority,state,thomas_id,twitter_account,url,votes_with_party_pct
http://api.nytimes.com/svc/politics/v3/us/legislative/congress/members/A000014.json,1,,,,Neil,A000014,Abercrombie,,3.29,D,,18,HI,2,neilabercrombie,,89.18
http://api.nytimes.com/svc/politics/v3/us/legislative/congress/members/A000022.json,5,,,,Gary,A000022,Ackerman,L.,3.95,D,,24,NY,4,repgaryackerman,,93.14
http://api.nytimes.com/svc/politics/v3/us/legislative/congress/members/A000055.json,4,aderholt.house.gov,RobertAderholt,19787529402,Robert,A000055,Aderholt,B.,0.16,R,http://aderholt.house.gov/common/rss//index.cfm?rss=20,10,AL,1460,Robert_Aderholt,http://aderholt.house.gov/,94.55
http://api.nytimes.com/svc/politics/v3/us/legislative/congress/members/A000210.json,1,andrews.house.gov,,,Robert,A000210,Andrews,E.,8.57,D,http://andrews.house.gov/rss.xml,18,NJ,21,RepAndrews,http://www.house.gov/andrews,92.70
http://api.nytimes.com/svc/politics/v3/us/legislative/congress/members/A000357.json,1,,,,Thomas,A000357,Allen,H.,0.99,D,,10,ME,1461,,,94.59
http://api.nytimes.com/svc/politics/v3/us/legislative/congress/members/A000358.json,2,,,,Todd,A000358,Akin,,1.24,R,,6,MO,1655,reptoddakin,,91.74
http://api.nytimes.com/svc/politics/v3/us/legislative/congress/members/A000361.json,5,alexander.house.gov,RepRodneyAlexander,20002702544,Rodney,A000361,Alexander,,1.24,R,http://alexander.house.gov/common/rss/?rss=24,4,LA,1727,USRepAlexander,http://www.house.gov/alexander,96.08
http://api.nytimes.com/svc/politics/v3/us/legislative/congress/members/B000013.json,6,bachus.house.gov,SpencerBachus,6769692966,Spencer,B000013,Bachus,,4.61,R,http://bachus.house.gov/index.php?option=com_bca-rss-syndicator&amp;feed_id=1,14,AL,38,BachusAL06,http://bachus.house.gov/,94.65
http://api.nytimes.com/svc/politics/v3/us/legislative/congress/members/B000072.json,6,,,,Richard,B000072,Baker,Hugh,5.77,R,,20,LA,47,,,95.28
http://api.nytimes.com/svc/politics/v3/us/legislative/congress/members/B000208.json,6,,,,Roscoe,B000208,Bartlett,G.,0.49,R,,14,MD,60,,,84.93
http://api.nytimes.com/svc/politics/v3/us/legislative/congress/members/B000213.json,6,joebarton.house.gov,RepJoeBarton,15617630596,Joe,B000213,Barton,L.,6.18,R,http://joebarton.house.gov/index.php?option=com_content&amp;view=category&amp;layout=blog&amp;id=27&amp;format=feed&amp;type=rss,22,TX,62,RepJoeBarton,http://joebarton.house.gov/,92.27
http://api.nytimes.com/svc/politics/v3/us/legislative/congress/members/B000220.json,2,,,,Charles,B000220,Bass,F.,1.48,R,,12,NH,63,RepCharlesBass,,87.21
http://api.nytimes.com/svc/politics/v3/us/legislative/congress/members/B000287.json,31,becerra.house.gov,XavierBecerra,90311772229,Xavier,B000287,Becerra,,6.10,D,http://becerra.house.gov/index.php?option=com_bca-rss-syndicator&amp;feed_id=2,14,CA,70,repbecerra,http://becerra.house.gov/,95.44
http://api.nytimes.com/svc/politics/v3/us/legislative/congress/members/B000410.json,28,,,,Howard,B000410,Berman,L.,7.08,D,,24,CA,82,RepHowardBerman,,94.59
http://api.nytimes.com/svc/politics/v3/us/legislative/congress/members/B000420.json,1,,,,Marion,B000420,Berry,,0.41,D,,10,AR,1462,,,83.37
http://api.nytimes.com/svc/politics/v3/us/legislative/congress/members/B000461.json,50,,,,Brian,B000461,Bilbray,P.,2.09,R,,2,CA,87,BilbrayCA50,,89.68
http://api.nytimes.com/svc/politics/v3/us/legislative/congress/members/B000463.json,9,,,,Michael,B000463,Bilirakis,,4.04,R,,24,FL,89,,,91.85
http://api.nytimes.com/svc/politics/v3/us/legislative/congress/members/B000490.json,2,bishop.house.gov,sanfordbishop,366739521606,Sanford,B000490,Bishop Jr.,D.,3.79,D,http://bishop.house.gov/rss.xml,14,GA,91,SanfordBishop,http://bishop.house.gov/,85.53
http://api.nytimes.com/svc/politics/v3/us/legislative/congress/members/B000574.json,3,blumenauer.house.gov,,,Earl,B000574,Blumenauer,,5.52,D,http://blumenauer.house.gov/index.php?option=com_bca-rss-syndicator&amp;feed_id=1,12,OR,99,blumenauermedia,http://blumenauer.house.gov/,90.67
http://api.nytimes.com/svc/politics/v3/us/legislative/congress/members/B000575.json,7,,SenatorBlunt,142473042477322,Roy,B000575,Blunt,,2.88,R,http://www.blunt.senate.gov/public/?a=RSS.Feed,10,MO,1464,RoyBlunt,http://www.blunt.senate.gov,95.67
http://api.nytimes.com/svc/politics/v3/us/legislative/congress/members/B000586.json,24,,,,Sherwood,B000586,Boehlert,L.,3.54,R,,24,NY,101,,,85.74
http://api.nytimes.com/svc/politics/v3/us/legislative/congress/members/B000589.json,8,johnboehner.house.gov,,,John,B000589,Boehner,A.,2.47,R,http://boehner.house.gov/News/Rss.aspx,16,OH,102,SpeakerBoehner,http://johnboehner.house.gov/,95.69
http://api.nytimes.com/svc/politics/v3/us/legislative/congress/members/B000617.json,23,,,,Henry,B000617,Bonilla,,1.07,R,,14,TX,107,,,95.17
http://api.nytimes.com/svc/politics/v3/us/legislative/congress/members/B000652.json,3,,,,Leonard,B000652,Boswell,L.,12.11,D,,10,IA,1466,LeonardBoswell,,87.07
http://api.nytimes.com/svc/politics/v3/us/legislative/congress/members/B000657.json,9,,,,Rick,B000657,Boucher,,3.62,D,,24,VA,113,,,88.03
http://api.nytimes.com/svc/politics/v3/us/legislative/congress/members/B000716.json,2,,,,Allen,B000716,Boyd,,5.02,D,,10,FL,1467,,,83.26
http://api.nytimes.com/svc/politics/v3/us/legislative/congress/members/B000755.json,8,kevinbrady.house.gov,kevinbrady,9307301412,Kevin,B000755,Brady,,6.10,R,http://kevinbrady.house.gov/common/rss/index.cfm?rss=49,10,TX,1468,RepKevinBrady,http://kevinbrady.house.gov/,93.51
http://api.nytimes.com/svc/politics/v3/us/legislative/congress/members/B000911.json,3,corrinebrown.house.gov,congresswomanbrown,179120958813519,Corrine,B000911,Brown,,12.19,D,http://corrinebrown.house.gov/index.php?option=com_ninjarsssyndicator&amp;feed_id=1&amp;format=raw,14,FL,132,RepCorrineBrown,http://corrinebrown.house.gov/,94.84
http://api.nytimes.com/svc/politics/v3/us/legislative/congress/members/B000944.json,13,www.brown.senate.gov,,,Sherrod,B000944,Brown,,6.67,D,http://www.brown.senate.gov/rss/feeds/?type=all&amp;,14,OH,136,SenSherrodBrown,http://www.brown.senate.gov,93.73
http://api.nytimes.com/svc/politics/v3/us/legislative/congress/members/B001149.json,5,,,,Dan,B001149,Burton,,6.67,R,,24,IN,154,RepDanBurton,,92.67
http://api.nytimes.com/svc/politics/v3/us/legislative/congress/members/B001203.json,4,,,,Steve,B001203,Buyer,,7.50,R,,14,IN,160,,,93.86
http://api.nytimes.com/svc/politics/v3/us/legislative/congress/members/B001227.json,1,www.brady.house.gov,RepRobertBrady,118845109487,Robert,B001227,Brady,A.,5.77,D,http://brady.house.gov/rss.xml,10,PA,1469,RepBrady,http://www.brady.house.gov/,92.22
http://api.nytimes.com/svc/politics/v3/us/legislative/congress/members/B001228.json,45,,,,Mary,B001228,Bono Mack,,6.18,R,,10,CA,1465,Rep_BonoMack,,91.31
http://api.nytimes.com/svc/politics/v3/us/legislative/congress/members/B001229.json,3,,,,Brian,B001229,Baird,,5.19,D,,8,WA,1557,,,90.36
http://api.nytimes.com/svc/politics/v3/us/legislative/congress/members/B001230.json,2,baldwin.senate.gov,TammyBaldwin,7357041101,Tammy,B001230,Baldwin,,0.08,D,http://www.baldwin.senate.gov/rss/feeds/?type=all,8,WI,1558,SenatorBaldwin,http://www.baldwin.senate.gov,92.33
http://api.nytimes.com/svc/politics/v3/us/legislative/congress/members/B001231.json,1,,,,Shelley,B001231,Berkley,,5.11,D,,8,NV,1576,repberkley,,92.01
http://api.nytimes.com/svc/politics/v3/us/legislative/congress/members/B001232.json,13,,,,Judy,B001232,Biggert,,0.82,R,,8,IL,1577,JudyBiggert,,89.78
http://api.nytimes.com/svc/politics/v3/us/legislative/congress/members/B001234.json,43,,,,Joe,B001234,Baca,,4.28,D,,8,CA,1614,,,92.94
http://api.nytimes.com/svc/politics/v3/us/legislative/congress/members/B001235.json,1,,,,Henry,B001235,Brown Jr.,E.,4.70,R,,6,SC,1669,,,95.42
http://api.nytimes.com/svc/politics/v3/us/legislative/congress/members/B001236.json,3,,JohnBoozman,7686715735,John,B001236,Boozman,,2.97,R,http://www.boozman.senate.gov/public/index.cfm/rss/feed,6,AR,1687,JohnBoozman,http://www.boozman.senate.gov,95.33
http://api.nytimes.com/svc/politics/v3/us/legislative/congress/members/B001239.json,3,,,,J.,B001239,Barrett,Gresham,2.55,R,,4,SC,1745,greshambarrett,,90.03
http://api.nytimes.com/svc/politics/v3/us/legislative/congress/members/B001240.json,7,,,,Bob,B001240,Beauprez,,5.93,R,,4,CO,1712,,,92.47
http://api.nytimes.com/svc/politics/v3/us/legislative/congress/members/B001242.json,1,timbishop.house.gov,RepTimBishop,7940339401,Timothy,B001242,Bishop,H.,1.73,D,http://timbishop.house.gov/rss/latest-news.xml,4,NY,1740,timbishopny,http://timbishop.house.gov/,95.22
http://api.nytimes.com/svc/politics/v3/us/legislative/congress/members/B001243.json,7,blackburn.house.gov,marshablackburn,6470828395,Marsha,B001243,Blackburn,,0.99,R,http://blackburn.house.gov/news/rss.aspx,4,TN,1748,MarshaBlackburn,http://blackburn.house.gov/,90.93
http://api.nytimes.com/svc/politics/v3/us/legislative/congress/members/B001244.json,1,bonner.house.gov,jobonner,49704847429,Jo,B001244,Bonner,,2.39,R,http://bonner.house.gov/index.php?option=com_bca-rss-syndicator&amp;feed_id=1,4,AL,1703,repjobonner,http://bonner.house.gov/,95.27
http://api.nytimes.com/svc/politics/v3/us/legislative/congress/members/B001245.json,79,bordallo.house.gov,madeleine.bordallo,161729837225622,Madeleine,B001245,Bordallo,Z.,0.00,D,http://bordallo.house.gov/rss.xml,4,GU,1723,CandiceMiller,http://www.house.gov/bordallo,0.00
http://api.nytimes.com/svc/politics/v3/us/legislative/congress/members/B001246.json,1,,,,Jeb,B001246,Bradley,E.,0.16,R,,4,NH,1736,,,86.96
http://api.nytimes.com/svc/politics/v3/us/legislative/congress/members/B001247.json,5,,,,Ginny,B001247,Brown-Waite,,6.92,R,,4,FL,1713,,,89.20
http://api.nytimes.com/svc/politics/v3/us/legislative/congress/members/B001248.json,26,burgess.house.gov,michaelcburgess,6916472567,Michael,B001248,Burgess,C.,1.07,R,http://burgess.house.gov/news/rss.aspx,4,TX,1751,michaelcburgess,http://burgess.house.gov/,93.09
http://api.nytimes.com/svc/politics/v3/us/legislative/congress/members/B001250.json,1,robbishop.house.gov,RepRobBishop,,Rob,B001250,Bishop,,5.35,R,http://robbishop.house.gov/news/rss.aspx,4,UT,1753,RepRobBishop,http://robbishop.house.gov/,93.30
http://api.nytimes.com/svc/politics/v3/us/legislative/congress/members/B001251.json,1,butterfield.house.gov,congressmangkbutterfield,274687979233940,G.,B001251,Butterfield,K.,2.14,D,http://butterfield.house.gov/rss/press-releases.xml,4,NC,1761,gkbutterfield,http://www.house.gov/butterfield,93.69
http://api.nytimes.com/svc/politics/v3/us/legislative/congress/members/B001252.json,12,barrow.house.gov,CongressmanJohnBarrow,285483767395,John,B001252,Barrow,,1.48,D,http://barrow.house.gov/rss.xml,2,GA,1780,repjohnbarrow,http://barrow.house.gov/,81.35
http://api.nytimes.com/svc/politics/v3/us/legislative/congress/members/B001253.json,8,,,,Melissa,B001253,Bean,,0.82,D,,2,IL,1782,,,84.14
http://api.nytimes.com/svc/politics/v3/us/legislative/congress/members/B001254.json,2,,,,Dan,B001254,Boren,,2.47,D,,2,OK,1796,,,76.10
http://api.nytimes.com/svc/politics/v3/us/legislative/congress/members/B001255.json,7,boustany.house.gov,RepBoustany,197407646951718,Charles,B001255,Boustany Jr.,,2.22,R,http://boustany.house.gov/common/rss/index.cfm?rss=82,2,LA,1787,RepBoustany,http://www.house.gov/boustany,94.95
http://api.nytimes.com/svc/politics/v3/us/legislative/congress/members/C000059.json,44,calvert.house.gov,70063393423,,Ken,C000059,Calvert,,2.72,R,http://calvert.house.gov/news/rss.aspx,14,CA,165,KenCalvert,http://calvert.house.gov/,96.27
http://api.nytimes.com/svc/politics/v3/us/legislative/congress/members/C000071.json,4,camp.house.gov,repdavecamp,6775033524,Dave,C000071,Camp,,3.54,R,http://camp.house.gov/News/Rss.aspx,16,MI,166,RepDaveCamp,http://camp.house.gov/,95.56
http://api.nytimes.com/svc/politics/v3/us/legislative/congress/members/C000116.json,3,,,,Christopher,C000116,Cannon,B.,8.60,R,,10,UT,1470,,,93.03
http://api.nytimes.com/svc/politics/v3/us/legislative/congress/members/C000141.json,3,www.cardin.senate.gov,senatorbencardin,120421834675191,Benjamin,C000141,Cardin,L.,3.95,D,http://www.cardin.senate.gov/rss/feeds/?type=all,20,MD,174,SenatorCardin,http://www.cardin.senate.gov,95.80
http://api.nytimes.com/svc/politics/v3/us/legislative/congress/members/C000191.json,7,,,,Julia,C000191,Carson,M.,7.99,D,,10,IN,1473,,,94.27
http://api.nytimes.com/svc/politics/v3/us/legislative/congress/members/C000243.json,1,,,,Michael,C000243,Castle,N.,4.12,R,,14,DE,183,repmikecastle,,84.88
http://api.nytimes.com/svc/politics/v3/us/legislative/congress/members/C000266.json,1,chabot.house.gov,RepSteveChabot,204705339555378,Steven,C000266,Chabot,J.,1.24,R,http://chabot.house.gov/common/rss/index.cfm?rss=49,12,OH,186,RepSteveChabot,http://chabot.house.gov/,89.07
http://api.nytimes.com/svc/politics/v3/us/legislative/congress/members/C000380.json,79,donnachristensen.house.gov,138013351189,138013351189,Donna,C000380,Christensen,M.C.,0.00,D,http://donnachristensen.house.gov/rss.xml,10,VI,1474,DelegateDonna,http://donnachristensen.house.gov/,0.00
http://api.nytimes.com/svc/politics/v3/us/legislative/congress/members/C000537.json,6,clyburn.house.gov,jameseclyburn,127744320598870,James,C000537,Clyburn,E.,2.80,D,http://clyburn.house.gov/rss.xml,14,SC,208,clyburn,http://clyburn.house.gov/,94.41
http://api.nytimes.com/svc/politics/v3/us/legislative/congress/members/C000556.json,6,coble.house.gov,HowardCoble6,208742429162356,Howard,C000556,Coble,,3.21,R,http://coble.house.gov/News/Rss.aspx,22,NC,211,HowardCoble,http://www.house.gov/coble,89.96
http://api.nytimes.com/svc/politics/v3/us/legislative/congress/members/C000714.json,14,conyers.house.gov,CongressmanConyers,206947066849,John,C000714,Conyers Jr.,,3.87,D,http://conyers.house.gov/index.cfm/rss/feed,42,MI,229,repjohnconyers,http://www.house.gov/conyers,89.55
http://api.nytimes.com/svc/politics/v3/us/legislative/congress/members/C000754.json,5,www.cooper.house.gov,JimCooper,,Jim,C000754,Cooper,,2.39,D,http://www.cooper.house.gov/index.php?option=com_content&amp;view=category&amp;layout=blog&amp;id=38&amp;format=feed&amp;type=rss,4,TN,231,repjimcooper,http://www.cooper.house.gov/,83.46
http://api.nytimes.com/svc/politics/v3/us/legislative/congress/members/C000794.json,12,,,,Jerry,C000794,Costello,F.,3.79,D,,20,IL,238,jerrycostello,,87.33
http://api.nytimes.com/svc/politics/v3/us/legislative/congress/members/C000830.json,48,,,,Christopher,C000830,Cox,,12.80,R,,18,CA,242,,,92.66
http://api.nytimes.com/svc/politics/v3/us/legislative/congress/members/C000868.json,5,,,,Robert,C000868,Cramer,E.,3.38,D,,16,AL,247,,,77.83
http://api.nytimes.com/svc/politics/v3/us/legislative/congress/members/C000962.json,1,,,,Barbara,C000962,Cubin,L.,10.05,R,,12,WY,254,,,92.03
http://api.nytimes.com/svc/politics/v3/us/legislative/congress/members/C000984.json,7,cummings.house.gov,elijahcummings,291368465380,Elijah,C000984,Cummings,E.,2.80,D,http://cummings.house.gov/rss.xml,12,MD,256,ElijahECummings,http://www.house.gov/cummings,95.42
http://api.nytimes.com/svc/politics/v3/us/legislative/congress/members/C000994.json,50,,,,Randy,C000994,Cunningham,&#x27;Duke&#x27;,6.91,R,,16,CA,258,,,95.41
http://api.nytimes.com/svc/politics/v3/us/legislative/congress/members/C001036.json,23,capps.house.gov,loiscapps,168989481141,Lois,C001036,Capps,,2.72,D,http://capps.house.gov/rss.xml,10,CA,1471,RepLoisCapps,http://capps.house.gov/,94.58
http://api.nytimes.com/svc/politics/v3/us/legislative/congress/members/C001037.json,8,www.house.gov/capuano/,RepMichaelCapuano,151168844937573,Michael,C001037,Capuano,E.,2.64,D,,8,MA,1564,,http://www.house.gov/capuano,89.76
http://api.nytimes.com/svc/politics/v3/us/legislative/congress/members/C001038.json,7,crowley.house.gov,repjoecrowley,176197712425090,Joseph,C001038,Crowley,,3.54,D,http://crowley.house.gov/rss.xml,8,NY,1604,repjoecrowley,http://crowley.house.gov/,93.08
http://api.nytimes.com/svc/politics/v3/us/legislative/congress/members/C001045.json,4,crenshaw.house.gov,200388204657,200388204657,Ander,C001045,Crenshaw,,0.91,R,,6,FL,1643,AnderCrenshaw,http://crenshaw.house.gov/,96.01
http://api.nytimes.com/svc/politics/v3/us/legislative/congress/members/C001046.json,7,cantor.house.gov,,,Eric,C001046,Cantor,,1.98,R,http://cantor.house.gov/rss.xml,6,VA,1674,gopleader,http://cantor.house.gov/,94.79
http://api.nytimes.com/svc/politics/v3/us/legislative/congress/members/C001047.json,2,capito.house.gov,8057864757,8057864757,Shelley,C001047,Capito,Moore,2.14,R,http://capito.house.gov/common/rss//index.cfm?rss=85,6,WV,1676,RepShelley,http://capito.house.gov/,92.68
http://api.nytimes.com/svc/politics/v3/us/legislative/congress/members/C001048.json,7,culberson.house.gov,CongressmanCulberson,1751723339,John,C001048,Culberson,,5.19,R,http://culberson.house.gov/feed/rss/,6,TX,1670,congculberson,http://culberson.house.gov/,94.87
http://api.nytimes.com/svc/politics/v3/us/legislative/congress/members/C001049.json,1,lacyclay.house.gov,109135405838588,109135405838588,William,C001049,Clay,Lacy,8.81,D,http://lacyclay.house.gov/rss/press-releases.xml,6,MO,1654,,http://www.house.gov/clay,91.87
http://api.nytimes.com/svc/politics/v3/us/legislative/congress/members/C001050.json,18,,,,Dennis,C001050,Cardoza,,4.20,D,,4,CA,1709,RepCardoza,,86.93
http://api.nytimes.com/svc/politics/v3/us/legislative/congress/members/C001051.json,31,carter.house.gov,judgecarter,1287257083,John,C001051,Carter,,3.13,R,http://carter.house.gov/common/rss/?rss=40,4,TX,1752,JudgeCarter,http://carter.house.gov/,95.15
http://api.nytimes.com/svc/politics/v3/us/legislative/congress/members/C001052.json,2,,,,Chris,C001052,Chocola,,0.82,R,,4,IN,1726,,,91.11
http://api.nytimes.com/svc/politics/v3/us/legislative/congress/members/C001053.json,4,cole.house.gov,TomColeOK04,146497782066300,Tom,C001053,Cole,,2.06,R,http://cole.house.gov/rss.xml,4,OK,1742,tomcoleok04,http://cole.house.gov/,95.46
http://api.nytimes.com/svc/politics/v3/us/legislative/congress/members/C001055.json,2,,,,Ed,C001055,Case,,7.17,D,,4,HI,1693,,,86.87
http://api.nytimes.com/svc/politics/v3/us/legislative/congress/members/C001058.json,6,,,,Ben,C001058,Chandler,,1.32,D,,4,KY,1759,,,87.65
http://api.nytimes.com/svc/politics/v3/us/legislative/congress/members/C001059.json,20,costa.house.gov,RepJimCosta,,Jim,C001059,Costa,,5.19,D,http://costa.house.gov/index.php?format=feed&amp;type=rss,2,CA,1774,repjimcosta,http://costa.house.gov/,86.53
http://api.nytimes.com/svc/politics/v3/us/legislative/congress/members/C001060.json,3,,,,Russ,C001060,Carnahan,,0.74,D,,2,MO,1789,RepCarnahan,,94.36
http://api.nytimes.com/svc/politics/v3/us/legislative/congress/members/C001061.json,5,cleaver.house.gov,emanuelcleaverii,7954512692,Emanuel,C001061,Cleaver II,,3.54,D,http://cleaver.house.gov/rss.xml,2,MO,1790,repcleaver,http://www.house.gov/cleaver,93.77
http://api.nytimes.com/svc/politics/v3/us/legislative/congress/members/C001062.json,11,conaway.house.gov,mike.conaway,203482063021985,K.,C001062,Conaway,Michael,3.95,R,,2,TX,1805,ConawayTX11,http://conaway.house.gov/,94.34
http://api.nytimes.com/svc/politics/v3/us/legislative/congress/members/C001063.json,28,cuellar.house.gov,152569121550,152569121550,Henry,C001063,Cuellar,,3.29,D,http://cuellar.house.gov/news/rss.aspx,2,TX,1807,RepCuellar,http://cuellar.house.gov/,81.43
http://api.nytimes.com/svc/politics/v3/us/legislative/congress/members/C001064.json,48,www.campbell.house.gov,JohnCampbell,60546090739,John,C001064,Campbell,,2.85,R,http://www.campbell.house.gov/rss/press1.xml,2,CA,1816,RepJohnCampbell,http://www.campbell.house.gov/,88.60
http://api.nytimes.com/svc/politics/v3/us/legislative/congress/members/D000096.json,7,www.davis.house.gov,280757931935749,,Danny,D000096,Davis,K.,5.35,D,http://davis.house.gov/index.php?format=feed&amp;type=rss,10,IL,1477,,http://davis.house.gov/,92.86
http://api.nytimes.com/svc/politics/v3/us/legislative/congress/members/D000114.json,11,,,,James,D000114,Davis,,24.79,D,,10,FL,1478,,,92.66
http://api.nytimes.com/svc/politics/v3/us/legislative/congress/members/D000136.json,11,,,,Thomas,D000136,Davis,M.,4.78,R,,12,VA,274,,,90.31
http://api.nytimes.com/svc/politics/v3/us/legislative/congress/members/D000168.json,10,,,,Nathan,D000168,Deal,,5.93,R,,14,GA,277,,,90.54
http://api.nytimes.com/svc/politics/v3/us/legislative/congress/members/D000191.json,4,www.defazio.house.gov,RepPeterDeFazio,94324364811,Peter,D000191,DeFazio,A.,1.89,D,http://www.defazio.house.gov/index.php?option=com_ninjarsssyndicator&amp;feed_id=1&amp;format=raw,20,OR,279,RepPeterDeFazio,http://www.defazio.house.gov/,89.50
http://api.nytimes.com/svc/politics/v3/us/legislative/congress/members/D000197.json,1,degette.house.gov,DianaDeGette,110757973488,Diana,D000197,DeGette,,4.04,D,http://degette.house.gov/index.php?option=com_content&amp;view=category&amp;id=76&amp;Itemid=227&amp;format=feed&amp;type=rss,10,CO,1479,RepDianaDeGette,http://www.house.gov/degette,93.73
http://api.nytimes.com/svc/politics/v3/us/legislative/congress/members/D000210.json,10,,,,Bill,D000210,Delahunt,,6.43,D,,10,MA,1480,,,92.61
http://api.nytimes.com/svc/politics/v3/us/legislative/congress/members/D000216.json,3,delauro.house.gov,CongresswomanRosaDeLauro,181302611907634,Rosa,D000216,DeLauro,,1.24,D,http://delauro.house.gov/index.php?option=com_ninjarsssyndicator&amp;feed_id=1&amp;format=raw,16,CT,281,rosadelauro,http://www.house.gov/delauro,95.66
http://api.nytimes.com/svc/politics/v3/us/legislative/congress/members/D000217.json,22,,,,Thomas,D000217,DeLay,Dale,8.25,R,,22,TX,282,,,94.91
http://api.nytimes.com/svc/politics/v3/us/legislative/congress/members/D000299.json,21,,,,Lincoln,D000299,Diaz-Balart,,7.17,R,,14,FL,294,,,92.64
http://api.nytimes.com/svc/politics/v3/us/legislative/congress/members/D000327.json,6,,,,Norman,D000327,Dicks,D.,2.55,D,,30,WA,297,RepNormDicks,,92.39
http://api.nytimes.com/svc/politics/v3/us/legislative/congress/members/D000355.json,15,dingell.house.gov,johndingell,87490183861,John,D000355,Dingell,D.,3.05,D,http://dingell.house.gov/rss.xml,52,MI,299,john_dingell,http://www.house.gov/dingell,90.82
http://api.nytimes.com/svc/politics/v3/us/legislative/congress/members/D000399.json,25,doggett.house.gov,lloyddoggett,154050553704,Lloyd,D000399,Doggett,,2.47,D,http://doggett.house.gov/index.php/component/ninjarsssyndicator/?feed_id=1&amp;format=raw,12,TX,303,RepLloydDoggett,http://doggett.house.gov/,93.75
http://api.nytimes.com/svc/politics/v3/us/legislative/congress/members/D000429.json,4,,,,John,D000429,Doolittle,T.,4.78,R,,16,CA,307,,,95.33
http://api.nytimes.com/svc/politics/v3/us/legislative/congress/members/D000482.json,14,doyle.house.gov,usrepmikedoyle,79663724861,Mike,D000482,Doyle,,4.12,D,http://doyle.house.gov/rss.xml,12,PA,316,USRepMikeDoyle,http://doyle.house.gov/,91.84
http://api.nytimes.com/svc/politics/v3/us/legislative/congress/members/D000492.json,26,,,,David,D000492,Dreier,,0.16,R,,26,CA,317,,,94.88
http://api.nytimes.com/svc/politics/v3/us/legislative/congress/members/D000533.json,2,duncan.house.gov,CongressmanDuncan,102385999834718,John,D000533,Duncan Jr.,J.,2.55,R,http://duncan.house.gov/rss.xml,20,TN,322,,http://www.house.gov/duncan,84.87
http://api.nytimes.com/svc/politics/v3/us/legislative/congress/members/D000597.json,1,,,,Jo Ann,D000597,Davis,S.,10.05,R,,6,VA,1672,,,89.10
http://api.nytimes.com/svc/politics/v3/us/legislative/congress/members/D000598.json,53,house.gov/susandavis,RepSusanDavis,103767526332478,Susan,D000598,Davis,A.,2.97,D,,6,CA,1641,,http://www.house.gov/susandavis,94.65
http://api.nytimes.com/svc/politics/v3/us/legislative/congress/members/D000599.json,4,,,,Lincoln,D000599,Davis,,2.22,D,,4,TN,1747,,,80.29
http://api.nytimes.com/svc/politics/v3/us/legislative/congress/members/D000600.json,25,mariodiazbalart.house.gov,mdiazbalart,119538428117878,Mario,D000600,Diaz-Balart,,10.13,R,http://mariodiazbalart.house.gov/rss.xml,4,FL,1717,MarioDB,http://mariodiazbalart.house.gov/,92.30
http://api.nytimes.com/svc/politics/v3/us/legislative/congress/members/D000602.json,7,,,,Artur,D000602,Davis,,1.98,D,,4,AL,1705,ArturDavis,,89.08
http://api.nytimes.com/svc/politics/v3/us/legislative/congress/members/D000603.json,4,,,,Geoff,D000603,Davis,,1.73,R,,2,KY,1784,RepGeoffDavis,,92.88
http://api.nytimes.com/svc/politics/v3/us/legislative/congress/members/D000604.json,15,dent.house.gov,CongressmanDent,69862092533,Charlie,D000604,Dent,,0.08,R,http://dent.house.gov/?a=RSS.Feed,2,PA,1799,,http://dent.house.gov/,90.27
http://api.nytimes.com/svc/politics/v3/us/legislative/congress/members/D000605.json,2,,,,Thelma,D000605,Drake,D.,0.74,R,,2,VA,1808,,,95.93
http://api.nytimes.com/svc/politics/v3/us/legislative/congress/members/E000063.json,17,,,,Chet,E000063,Edwards,,2.31,D,,16,TX,335,,,83.14
http://api.nytimes.com/svc/politics/v3/us/legislative/congress/members/E000092.json,3,,,,Vernon,E000092,Ehlers,J.,1.48,R,,14,MI,339,,,85.87
http://api.nytimes.com/svc/politics/v3/us/legislative/congress/members/E000172.json,8,,,,Jo Ann,E000172,Emerson,,3.54,R,,12,MO,1481,,,92.31
http://api.nytimes.com/svc/politics/v3/us/legislative/congress/members/E000179.json,17,engel.house.gov,RepEliotLEngel,103355984852,Eliot,E000179,Engel,L.,2.72,D,http://engel.house.gov/rss/latest-news1.xml,18,NY,344,RepEliotEngel,http://www.house.gov/engel,94.33
http://api.nytimes.com/svc/politics/v3/us/legislative/congress/members/E000187.json,3,,,,Phil,E000187,English,,2.31,R,,12,PA,347,,,92.33
http://api.nytimes.com/svc/politics/v3/us/legislative/congress/members/E000215.json,14,eshoo.house.gov,RepAnnaEshoo,174979964227,Anna,E000215,Eshoo,G.,4.28,D,http://eshoo.house.gov/index.php?format=feed&amp;type=rss,14,CA,355,RepAnnaEshoo,http://eshoo.house.gov/,94.41
http://api.nytimes.com/svc/politics/v3/us/legislative/congress/members/E000226.json,2,,,,Bob,E000226,Etheridge,,1.48,D,,10,NC,1482,,,90.64
http://api.nytimes.com/svc/politics/v3/us/legislative/congress/members/E000250.json,17,,,,Lane,E000250,Evans,A.,43.25,D,,24,IL,361,,,94.48
http://api.nytimes.com/svc/politics/v3/us/legislative/congress/members/E000268.json,2,,,,Terry,E000268,Everett,,4.04,R,,14,AL,364,,,93.56
http://api.nytimes.com/svc/politics/v3/us/legislative/congress/members/E000287.json,5,,,,Rahm,E000287,Emanuel,,3.29,D,,4,IL,1725,,,93.27
http://api.nytimes.com/svc/politics/v3/us/legislative/congress/members/F000010.json,79,faleomavaega.house.gov,,,Eni,F000010,Faleomavaega,F. H.,0.00,D,http://faleomavaega.house.gov/rss.xml,18,AS,367,,http://faleomavaega.house.gov/,0.00
http://api.nytimes.com/svc/politics/v3/us/legislative/congress/members/F000030.json,17,www.farr.house.gov,RepSamFarr,7018136294,Sam,F000030,Farr,,1.40,D,http://www.farr.house.gov/index.php/component/ninjarsssyndicator/?feed_id=1&amp;format=raw,14,CA,368,RepSamFarr,http://www.house.gov/farr,92.98
http://api.nytimes.com/svc/politics/v3/us/legislative/congress/members/F000043.json,2,fattah.house.gov,repfattah,165961823475034,Chaka,F000043,Fattah,,10.30,D,http://fattah.house.gov/common/rss//index.cfm?rss=34,12,PA,371,chakafattah,http://www.house.gov/fattah,94.40
http://api.nytimes.com/svc/politics/v3/us/legislative/congress/members/F000116.json,51,,,,Bob,F000116,Filner,,3.29,D,,14,CA,381,CongBobFilner,,92.50
http://api.nytimes.com/svc/politics/v3/us/legislative/congress/members/F000238.json,16,,,,Mark,F000238,Foley,Adam,4.47,R,,12,FL,396,,,91.18
http://api.nytimes.com/svc/politics/v3/us/legislative/congress/members/F000262.json,9,,,,Harold,F000262,Ford Jr.,E.,17.55,D,,10,TN,1483,,,86.91
http://api.nytimes.com/svc/politics/v3/us/legislative/congress/members/F000339.json,4,,,,Barney,F000339,Frank,,2.31,D,,26,MA,407,,,90.05
http://api.nytimes.com/svc/politics/v3/us/legislative/congress/members/F000372.json,11,frelinghuysen.house.gov,,,Rodney,F000372,Frelinghuysen,,1.32,R,http://frelinghuysen.house.gov/rss/top-news.xml,12,NJ,414,,http://frelinghuysen.house.gov/,91.49
http://api.nytimes.com/svc/politics/v3/us/legislative/congress/members/F000440.json,13,,,,Vito,F000440,Fossella,J.,3.87,R,,10,NY,1484,,,88.52
http://api.nytimes.com/svc/politics/v3/us/legislative/congress/members/F000443.json,7,,,,Michael,F000443,Ferguson,,1.40,R,,6,NJ,1659,,,88.89
http://api.nytimes.com/svc/politics/v3/us/legislative/congress/members/F000444.json,6,flake.senate.gov,senatorjeffflake,,Jeff,F000444,Flake,,3.79,R,http://www.flake.senate.gov/public/?a=rss.feed,6,AZ,1633,jeffflake,http://www.flake.senate.gov,78.08
http://api.nytimes.com/svc/politics/v3/us/legislative/congress/members/F000445.json,4,www.house.gov,randyforbes,356330225020,J.,F000445,Forbes,Randy,2.06,R,http://forbes.house.gov/news/rss.aspx,6,VA,1683,Randy_Forbes,http://forbes.house.gov/,93.69
http://api.nytimes.com/svc/politics/v3/us/legislative/congress/members/F000447.json,24,,,,Tom,F000447,Feeney,C.,5.68,R,,4,FL,1716,,,89.43
http://api.nytimes.com/svc/politics/v3/us/legislative/congress/members/F000448.json,2,franks.house.gov,TrentFranks,209486545087,Trent,F000448,Franks,,2.14,R,http://franks.house.gov/rss.xml,4,AZ,1707,RepTrentFranks,http://franks.house.gov/,87.63
http://api.nytimes.com/svc/politics/v3/us/legislative/congress/members/F000449.json,1,fortenberry.house.gov,jefffortenberry,48426842354,Jeff,F000449,Fortenberry,,1.40,R,http://fortenberry.house.gov/index.php?option=com_ninjarsssyndicator&amp;feed_id=1&amp;format=raw,2,NE,1793,JeffFortenberry,http://fortenberry.house.gov/,93.90
http://api.nytimes.com/svc/politics/v3/us/legislative/congress/members/F000450.json,5,foxx.house.gov,RepVirginiaFoxx,,Virginia,F000450,Foxx,,0.49,R,http://foxx.house.gov/common/rss/?rss=55,2,NC,1791,virginiafoxx,http://foxx.house.gov/,91.39
http://api.nytimes.com/svc/politics/v3/us/legislative/congress/members/F000451.json,8,fitzpatrick.house.gov,RepFitzpatrick,132077153521454,Michael,F000451,Fitzpatrick,G.,2.22,R,http://fitzpatrick.house.gov/rss.xml,2,PA,1797,RepFitzpatrick,http://fitzpatrick.house.gov/,82.48
http://api.nytimes.com/svc/politics/v3/us/legislative/congress/members/F000452.json,80,,,,Luis,F000452,Fortuno,G.,0.00,R,,2,PR,1800,,,0.00
http://api.nytimes.com/svc/politics/v3/us/legislative/congress/members/G000021.json,24,,,,Elton,G000021,Gallegly,,8.90,R,,20,CA,425,eltongallegly24,,96.47
http://api.nytimes.com/svc/politics/v3/us/legislative/congress/members/G000152.json,2,,,,James,G000152,Gibbons,A.,9.47,R,,10,NV,1485,,,87.90
http://api.nytimes.com/svc/politics/v3/us/legislative/congress/members/G000180.json,1,,,,Wayne,G000180,Gilchrest,T.,3.87,R,,16,MD,438,,,86.03
http://api.nytimes.com/svc/politics/v3/us/legislative/congress/members/G000210.json,5,,,,Paul,G000210,Gillmor,E.,6.43,R,,18,OH,439,,,94.10
http://api.nytimes.com/svc/politics/v3/us/legislative/congress/members/G000280.json,5,,,,Virgil,G000280,Goode,H.,2.31,R,,10,VA,1486,,,90.89
http://api.nytimes.com/svc/politics/v3/us/legislative/congress/members/G000289.json,6,goodlatte.house.gov,BobGoodlatte,6459789414,Robert,G000289,Goodlatte,W.,0.00,R,http://goodlatte.house.gov/press_releases.rss,14,VA,446,RepGoodlatte,http://goodlatte.house.gov/,95.06
http://api.nytimes.com/svc/politics/v3/us/legislative/congress/members/G000309.json,6,,,,Bart,G000309,Gordon,,3.05,D,,22,TN,448,,,84.45
http://api.nytimes.com/svc/politics/v3/us/legislative/congress/members/G000377.json,12,kaygranger.house.gov,RepKayGranger,49640749719,Kay,G000377,Granger,,3.54,R,http://kaygranger.house.gov/rss.xml,10,TX,1487,RepKayGranger,http://kaygranger.house.gov/,95.39
http://api.nytimes.com/svc/politics/v3/us/legislative/congress/members/G000410.json,29,green.house.gov,RepGeneGreen,128735131872,Gene,G000410,Green,,2.72,D,http://green.house.gov/rss.xml,14,TX,462,RepGeneGreen,http://green.house.gov/,87.89
http://api.nytimes.com/svc/politics/v3/us/legislative/congress/members/G000535.json,4,gutierrez.house.gov,RepGutierrez,91052833204,Luis,G000535,Gutierrez,V.,15.63,D,http://gutierrez.house.gov/rss.xml,14,IL,478,LuisGutierrez,http://gutierrez.house.gov/,92.75
http://api.nytimes.com/svc/politics/v3/us/legislative/congress/members/G000536.json,1,,,,Gilbert,G000536,Gutknecht,W.,1.32,R,,12,MN,479,,,87.81
http://api.nytimes.com/svc/politics/v3/us/legislative/congress/members/G000544.json,20,,,,Charlie,G000544,Gonzalez,,3.46,D,,8,TX,1555,TX20CharlieG,,91.72
http://api.nytimes.com/svc/politics/v3/us/legislative/congress/members/G000545.json,8,,,,Mark,G000545,Green,A.,5.68,R,,8,WI,1559,,,85.68
http://api.nytimes.com/svc/politics/v3/us/legislative/congress/members/G000546.json,6,graves.house.gov,118514606128,118514606128,Sam,G000546,Graves,,2.80,R,http://graves.house.gov/common/rss/index.cfm?rss=25,6,MO,1656,,http://graves.house.gov/,93.31
http://api.nytimes.com/svc/politics/v3/us/legislative/congress/members/G000548.json,5,garrett.house.gov,repscottgarrett,6756553401,Scott,G000548,Garrett,,1.57,R,http://garrett.house.gov/rss.xml,4,NJ,1737,repgarrett,http://garrett.house.gov/,87.87
http://api.nytimes.com/svc/politics/v3/us/legislative/congress/members/G000549.json,6,gerlach.house.gov,RepJimGerlach,123113211050305,Jim,G000549,Gerlach,,3.95,R,http://gerlach.house.gov/news/rss.aspx,4,PA,1743,JimGerlach,http://gerlach.house.gov/,85.85
http://api.nytimes.com/svc/politics/v3/us/legislative/congress/members/G000550.json,11,gingrey.house.gov,RepPhilGingrey,6934467868,Phil,G000550,Gingrey,,2.80,R,http://gingrey.house.gov/news/rss.aspx,4,GA,1720,RepPhilGingrey,http://gingrey.house.gov/,92.12
http://api.nytimes.com/svc/politics/v3/us/legislative/congress/members/G000551.json,7,grijalva.house.gov,Rep.Grijalva,73539896233,Raúl,G000551,Grijalva,M.,2.47,D,http://grijalva.house.gov/common/rss/?rss=13,4,AZ,1708,repraulgrijalva,http://grijalva.house.gov/,92.06
http://api.nytimes.com/svc/politics/v3/us/legislative/congress/members/G000552.json,1,gohmert.house.gov,50375006903,50375006903,Louie,G000552,Gohmert,,6.67,R,http://gohmert.house.gov/news/rss.aspx,2,TX,1801,replouiegohmert,http://gohmert.house.gov/,89.67
http://api.nytimes.com/svc/politics/v3/us/legislative/congress/members/G000553.json,9,algreen.house.gov,repalgreen,136237609724391,Al,G000553,Green,,0.25,D,http://algreen.house.gov/rss.xml,2,TX,1803,RepAlGreen,http://www.house.gov/algreen,94.14
http://api.nytimes.com/svc/politics/v3/us/legislative/congress/members/H000067.json,4,ralphhall.house.gov,6311458773,6311458773,Ralph,H000067,Hall,M.,2.22,R,http://ralphhall.house.gov/common/rss/?rss=26,26,TX,484,RalphHallPress,http://ralphhall.house.gov/,93.60
http://api.nytimes.com/svc/politics/v3/us/legislative/congress/members/H000213.json,36,,,,Jane,H000213,Harman,,7.58,D,,12,CA,502,,,92.87
http://api.nytimes.com/svc/politics/v3/us/legislative/congress/members/H000323.json,14,,,,J. Dennis,H000323,Hastert,,0.00,R,,20,IL,510,,,95.80
http://api.nytimes.com/svc/politics/v3/us/legislative/congress/members/H000324.json,23,www.alceehastings.house.gov,95696782238,95696782238,Alcee,H000324,Hastings,L.,11.04,D,http://alceehastings.house.gov/news/rss.aspx,14,FL,511,,http://www.alceehastings.house.gov/,90.74
http://api.nytimes.com/svc/politics/v3/us/legislative/congress/members/H000329.json,4,hastings.house.gov,RepDocHastings,7507129675,Doc,H000329,Hastings,,4.28,R,http://hastings.house.gov/news/rss.aspx,12,WA,512,DocHastings,http://hastings.house.gov/,95.09
http://api.nytimes.com/svc/politics/v3/us/legislative/congress/members/H000413.json,5,,,,John,H000413,Hayworth,D.,0.99,R,,12,AZ,520,,,89.52
http://api.nytimes.com/svc/politics/v3/us/legislative/congress/members/H000444.json,5,,,,Joel,H000444,Hefley,,3.71,R,,20,CO,524,,,85.80
http://api.nytimes.com/svc/politics/v3/us/legislative/congress/members/H000528.json,2,,,,Wally,H000528,Herger,,1.48,R,,20,CA,533,,,93.98
http://api.nytimes.com/svc/politics/v3/us/legislative/congress/members/H000627.json,22,,,,Maurice,H000627,Hinchey,D.,6.01,D,,14,NY,541,mauricehinchey,,90.10
http://api.nytimes.com/svc/politics/v3/us/legislative/congress/members/H000636.json,15,hinojosa.house.gov,CongressmanRubenHinojosa,402891225161,Rubén,H000636,Hinojosa,,11.86,D,http://hinojosa.house.gov/rss.xml,10,TX,1490,USRepRHinojosa,http://www.house.gov/hinojosa,88.88
http://api.nytimes.com/svc/politics/v3/us/legislative/congress/members/H000666.json,7,,,,David,H000666,Hobson,Lee,1.89,R,,16,OH,545,,,94.46
http://api.nytimes.com/svc/politics/v3/us/legislative/congress/members/H000676.json,2,,,,Peter,H000676,Hoekstra,,3.21,R,,14,MI,547,petehoekstra,,92.85
http://api.nytimes.com/svc/politics/v3/us/legislative/congress/members/H000712.json,17,,,,Tim,H000712,Holden,,2.97,D,,14,PA,550,RepTimHolden,,85.65
http://api.nytimes.com/svc/politics/v3/us/legislative/congress/members/H000762.json,5,,,,Darlene,H000762,Hooley,,2.47,D,,10,OR,1491,,,93.07
http://api.nytimes.com/svc/politics/v3/us/legislative/congress/members/H000807.json,8,,,,John,H000807,Hostettler,Nathan,2.22,R,,12,IN,562,,,86.44
http://api.nytimes.com/svc/politics/v3/us/legislative/congress/members/H000874.json,5,hoyer.house.gov,WhipHoyer,282861997886,Steny,H000874,Hoyer,H.,1.57,D,http://hoyer.house.gov/index.php?format=feed&amp;type=rss,26,MD,566,WhipHoyer,http://hoyer.house.gov/,94.39
http://api.nytimes.com/svc/politics/v3/us/legislative/congress/members/H000948.json,9,,,,Kenny,H000948,Hulshof,C.,2.39,R,,10,MO,1492,,,93.50
http://api.nytimes.com/svc/politics/v3/us/legislative/congress/members/H000981.json,52,,,,Duncan,H000981,Hunter,L.,7.33,R,,26,CA,575,,,93.24
http://api.nytimes.com/svc/politics/v3/us/legislative/congress/members/H001022.json,6,,,,Henry,H001022,Hyde,John,12.27,R,,32,IL,580,,,94.65
http://api.nytimes.com/svc/politics/v3/us/legislative/congress/members/H001029.json,8,,,,Robin,H001029,Hayes,C.,2.47,R,,8,NC,1600,,,94.26
http://api.nytimes.com/svc/politics/v3/us/legislative/congress/members/H001032.json,12,holt.house.gov,,,Rush,H001032,Holt,,1.40,D,http://holt.house.gov/index.php?option=com_bca-rss-syndicator&amp;feed_id=1,8,NJ,1580,,http://holt.house.gov/,91.73
http://api.nytimes.com/svc/politics/v3/us/legislative/congress/members/H001033.json,4,,,,Melissa,H001033,Hart,A.,0.49,R,,6,PA,1666,,,93.29
http://api.nytimes.com/svc/politics/v3/us/legislative/congress/members/H001034.json,15,honda.house.gov,RepMikeHonda,15675385380,Michael,H001034,Honda,M.,2.23,D,http://honda.house.gov/index.php?option=com_bca-rss-syndicator&amp;feed_id=1,6,CA,1634,RepMikeHonda,http://www.house.gov/honda,93.06
http://api.nytimes.com/svc/politics/v3/us/legislative/congress/members/H001035.json,13,,,,Katherine,H001035,Harris,,10.21,R,,4,FL,1714,,,90.64
http://api.nytimes.com/svc/politics/v3/us/legislative/congress/members/H001036.json,5,hensarling.house.gov,RepHensarling,7875604788,Jeb,H001036,Hensarling,,0.41,R,http://hensarling.house.gov/atom.xml,4,TX,1749,RepHensarling,http://hensarling.house.gov/,88.01
http://api.nytimes.com/svc/politics/v3/us/legislative/congress/members/H001037.json,1,,,,Stephanie,H001037,Herseth Sandlin,,3.05,D,,4,SD,1760,,,85.90
http://api.nytimes.com/svc/politics/v3/us/legislative/congress/members/H001038.json,27,higgins.house.gov,RepBrianHiggins,88144056440,Brian,H001038,Higgins,,3.46,D,http://higgins.house.gov/rss.xml,2,NY,1794,RepBrianHiggins,http://www.house.gov/higgins,91.89
http://api.nytimes.com/svc/politics/v3/us/legislative/congress/members/I000023.json,4,,,,Bob,I000023,Inglis,,1.89,R,,8,SC,582,bobinglis,,88.25
http://api.nytimes.com/svc/politics/v3/us/legislative/congress/members/I000026.json,1,,,,Jay,I000026,Inslee,,0.91,D,,8,WA,584,JayInslee,,93.52
http://api.nytimes.com/svc/politics/v3/us/legislative/congress/members/I000047.json,5,,,,Ernest,I000047,Istook,J.,16.80,R,,14,OK,586,,,93.27
http://api.nytimes.com/svc/politics/v3/us/legislative/congress/members/I000056.json,49,issa.house.gov,darrellissa,19463427992,Darrell,I000056,Issa,,4.53,R,http://issa.house.gov/feed/,6,CA,1640,DarrellIssa,http://issa.house.gov/,94.13
http://api.nytimes.com/svc/politics/v3/us/legislative/congress/members/I000057.json,2,israel.house.gov,RepSteveIsrael,,Steve,I000057,Israel,,1.81,D,http://israel.house.gov/index.php?option=com_bca-rss-syndicator&amp;feed_id=1&amp;Itemid=10,6,NY,1663,RepSteveIsrael,http://israel.house.gov/,93.37
http://api.nytimes.com/svc/politics/v3/us/legislative/congress/members/J000032.json,18,jacksonlee.house.gov,169479190984,169479190984,Sheila,J000032,Jackson-Lee,,6.51,D,http://jacksonlee.house.gov/news/rss.aspx,12,TX,588,JacksonLeeTX18,http://jacksonlee.house.gov/,91.72
http://api.nytimes.com/svc/politics/v3/us/legislative/congress/members/J000070.json,2,,,,William,J000070,Jefferson,J.,7.83,D,,16,LA,592,,,92.05
http://api.nytimes.com/svc/politics/v3/us/legislative/congress/members/J000082.json,1,,,,William,J000082,Jenkins,Lewis,7.91,R,,10,TN,1494,,,91.86
http://api.nytimes.com/svc/politics/v3/us/legislative/congress/members/J000126.json,30,ebjohnson.house.gov,CongresswomanEBJtx30,84096022067,Eddie,J000126,Johnson,Bernice,1.98,D,http://ebjohnson.house.gov/common/rss//index.cfm?rss=21,14,TX,599,RepEBJ,http://www.house.gov/ebjohnson,93.19
http://api.nytimes.com/svc/politics/v3/us/legislative/congress/members/J000163.json,5,,,,Nancy,J000163,Johnson,Lee,2.06,R,,24,CT,602,,,85.53
http://api.nytimes.com/svc/politics/v3/us/legislative/congress/members/J000174.json,3,samjohnson.house.gov,RepSamJohnson,52454091867,Sam,J000174,Johnson,,9.47,R,http://samjohnson.house.gov/news/rss.aspx,16,TX,603,SamsPressShop,http://samjohnson.house.gov/,91.45
http://api.nytimes.com/svc/politics/v3/us/legislative/congress/members/J000255.json,3,jones.house.gov,15083070102,15083070102,Walter,J000255,Jones,B.,6.01,R,http://jones.house.gov/rss.xml,12,NC,612,RepWalterJones,http://jones.house.gov/,75.37
http://api.nytimes.com/svc/politics/v3/us/legislative/congress/members/J000283.json,2,,,,Jesse,J000283,Jackson Jr.,L.,0.08,D,,12,IL,587,RepJJJr,,92.33
http://api.nytimes.com/svc/politics/v3/us/legislative/congress/members/J000284.json,11,,,,Stephanie,J000284,Jones,Tubbs,7.00,D,,8,OH,1581,,,92.47
http://api.nytimes.com/svc/politics/v3/us/legislative/congress/members/J000285.json,15,,,,Timothy,J000285,Johnson,V.,2.80,R,,6,IL,1648,RepTimJohnson,,85.59
http://api.nytimes.com/svc/politics/v3/us/legislative/congress/members/J000287.json,1,,,,Bobby,J000287,Jindal,,2.39,R,,2,LA,1785,,,90.63
http://api.nytimes.com/svc/politics/v3/us/legislative/congress/members/K000008.json,11,,,,Paul,K000008,Kanjorski,E.,3.05,D,,22,PA,615,,,87.00
http://api.nytimes.com/svc/politics/v3/us/legislative/congress/members/K000009.json,9,www.kaptur.house.gov,RepresentativeMarcyKaptur,173753129419169,Marcy,K000009,Kaptur,,3.38,D,http://kaptur.house.gov/index.php?option=com_ninjarsssyndicator&amp;feed_id=2&amp;format=raw,24,OH,616,RepMarcyKaptur,http://www.kaptur.house.gov/,90.79
http://api.nytimes.com/svc/politics/v3/us/legislative/congress/members/K000078.json,19,,,,Sue,K000078,Kelly,W.,2.39,R,,12,NY,624,,,87.34
http://api.nytimes.com/svc/politics/v3/us/legislative/congress/members/K000113.json,1,,,,Patrick,K000113,Kennedy,J.,11.61,D,,12,RI,627,,,93.94
http://api.nytimes.com/svc/politics/v3/us/legislative/congress/members/K000172.json,5,,,,Dale,K000172,Kildee,E.,0.00,D,,30,MI,631,dalekildee,,93.74
http://api.nytimes.com/svc/politics/v3/us/legislative/congress/members/K000180.json,13,,,,Carolyn,K000180,Kilpatrick,Cheeks,6.18,D,,10,MI,1497,RepKilpatrick,,93.24
http://api.nytimes.com/svc/politics/v3/us/legislative/congress/members/K000188.json,3,kind.house.gov,repronkind,89152017954,Ron,K000188,Kind,,2.88,D,http://kind.house.gov/common/rss/?rss=52,10,WI,1498,repronkind,http://kind.house.gov/,90.92
http://api.nytimes.com/svc/politics/v3/us/legislative/congress/members/K000210.json,3,peteking.house.gov,,,Peter,K000210,King,T.,2.14,R,http://www.house.gov/apps/list/hearing/ny02_king/RSS.xml,14,NY,635,RepPeteKing,http://peteking.house.gov/,92.51
http://api.nytimes.com/svc/politics/v3/us/legislative/congress/members/K000220.json,1,kingston.house.gov,JackKingston,6914617307,Jack,K000220,Kingston,,6.59,R,http://kingston.house.gov/News/Rss.aspx,14,GA,636,JackKingston,http://kingston.house.gov/,93.56
http://api.nytimes.com/svc/politics/v3/us/legislative/congress/members/K000288.json,9,,,,Joseph,K000288,Knollenberg,K.,1.73,R,,14,MI,642,,,94.64
http://api.nytimes.com/svc/politics/v3/us/legislative/congress/members/K000306.json,8,,,,James,K000306,Kolbe,T.,5.02,R,,22,AZ,645,,,90.46
http://api.nytimes.com/svc/politics/v3/us/legislative/congress/members/K000336.json,10,,,,Dennis,K000336,Kucinich,J.,1.40,D,,10,OH,1499,RepKucinich,,86.47
http://api.nytimes.com/svc/politics/v3/us/legislative/congress/members/K000358.json,6,,,,Mark,K000358,Kennedy,R.,1.98,R,,6,MN,1652,,,89.58
http://api.nytimes.com/svc/politics/v3/us/legislative/congress/members/K000360.json,10,,SenatorKirk,116381528428230,Mark,K000360,Kirk,Steven,2.72,R,http://www.kirk.senate.gov/rss/,6,IL,1647,senatorkirk,http://www.kirk.senate.gov,86.88
http://api.nytimes.com/svc/politics/v3/us/legislative/congress/members/K000361.json,8,,,,Ric,K000361,Keller,,5.02,R,,6,FL,1644,,,92.63
http://api.nytimes.com/svc/politics/v3/us/legislative/congress/members/K000362.json,5,steveking.house.gov,stevekingia,134325379926458,Steve,K000362,King,,0.58,R,http://steveking.house.gov/index.php?format=feed&amp;type=rss,4,IA,1724,stevekingia,http://steveking.house.gov/,89.64
http://api.nytimes.com/svc/politics/v3/us/legislative/congress/members/K000363.json,2,kline.house.gov,,,John,K000363,Kline,,0.00,R,http://kline.house.gov/common/rss/?rss=47,4,MN,1733,repjohnkline,http://kline.house.gov/,93.90
http://api.nytimes.com/svc/politics/v3/us/legislative/congress/members/K000364.json,29,,,,John,K000364,Kuhl,R.,0.74,R,,2,NY,1795,,,92.95
http://api.nytimes.com/svc/politics/v3/us/legislative/congress/members/L000090.json,12,,,,Tom,L000090,Lantos,,3.87,D,,26,CA,663,,,95.89
http://api.nytimes.com/svc/politics/v3/us/legislative/congress/members/L000111.json,4,latham.house.gov,tom.latham.733,345331988887412,Tom,L000111,Latham,,0.41,R,http://latham.house.gov/news/rss.aspx,12,IA,666,TomLatham,http://www.house.gov/latham,94.71
http://api.nytimes.com/svc/politics/v3/us/legislative/congress/members/L000169.json,2,,,,James,L000169,Leach,A.,4.28,R,,30,IA,672,,,77.88
http://api.nytimes.com/svc/politics/v3/us/legislative/congress/members/L000263.json,12,levin.house.gov,RepSandyLevin,223726364320243,Sander,L000263,Levin,M.,0.08,D,http://levin.house.gov/rss.xml,24,MI,683,repsandylevin,http://levin.house.gov/,94.31
http://api.nytimes.com/svc/politics/v3/us/legislative/congress/members/L000274.json,41,,,,Jerry,L000274,Lewis,,2.31,R,,28,CA,687,RepJerryLewis,,94.69
http://api.nytimes.com/svc/politics/v3/us/legislative/congress/members/L000287.json,5,johnlewis.house.gov,RepJohnLewis,82737208404,John,L000287,Lewis,,14.50,D,http://johnlewis.house.gov/rss.xml,20,GA,688,RepJohnLewis,http://www.house.gov/johnlewis,91.14
http://api.nytimes.com/svc/politics/v3/us/legislative/congress/members/L000293.json,2,,,,Ron,L000293,Lewis,,1.89,R,,14,KY,689,,,93.95
http://api.nytimes.com/svc/politics/v3/us/legislative/congress/members/L000321.json,7,,,,John,L000321,Linder,,4.45,R,,14,GA,693,,,91.98
http://api.nytimes.com/svc/politics/v3/us/legislative/congress/members/L000397.json,16,lofgren.house.gov,zoelofgren,221191600719,Zoe,L000397,Lofgren,,0.82,D,http://lofgren.house.gov/index.php?format=feed&amp;type=rss,12,CA,701,RepZoeLofgren,http://www.house.gov/lofgren,93.36
http://api.nytimes.com/svc/politics/v3/us/legislative/congress/members/L000480.json,18,lowey.house.gov,RepLowey,158290607551599,Nita,L000480,Lowey,M.,0.49,D,http://lowey.house.gov/common/rss/?rss=18,18,NY,709,NitaLowey,http://www.house.gov/lowey,95.45
http://api.nytimes.com/svc/politics/v3/us/legislative/congress/members/L000491.json,3,lucas.house.gov,7872057395,7872057395,Frank,L000491,Lucas,D.,2.06,R,http://lucas.house.gov/rss.xml,14,OK,711,,http://lucas.house.gov/,96.30
http://api.nytimes.com/svc/politics/v3/us/legislative/congress/members/L000517.json,3,,,,Dan,L000517,Lungren,,0.16,R,,2,CA,717,dan_lungren,,92.57
http://api.nytimes.com/svc/politics/v3/us/legislative/congress/members/L000551.json,9,lee.house.gov,RepBarbaraLee,92190287786,Barbara,L000551,Lee,,3.79,D,http://lee.house.gov/rss.xml,10,CA,1501,repbarbaralee,http://lee.house.gov/,89.21
http://api.nytimes.com/svc/politics/v3/us/legislative/congress/members/L000552.json,18,,,,Ray,L000552,LaHood,H.,5.11,R,,12,IL,659,,,91.41
http://api.nytimes.com/svc/politics/v3/us/legislative/congress/members/L000553.json,14,,,,Steven,L000553,LaTourette,C.,3.38,R,,12,OH,667,SteveLaTourette,,90.03
http://api.nytimes.com/svc/politics/v3/us/legislative/congress/members/L000554.json,2,lobiondo.house.gov,FrankLoBiondo,,Frank,L000554,LoBiondo,A.,0.33,R,http://lobiondo.house.gov/rss.xml,12,NJ,699,RepLoBiondo,http://www.house.gov/lobiondo,84.88
http://api.nytimes.com/svc/politics/v3/us/legislative/congress/members/L000557.json,1,www.larson.house.gov,RepJohnLarson,6352928631,John,L000557,Larson,B.,9.31,D,http://www.larson.house.gov/index.php?format=feed&amp;type=rss,8,CT,1583,repjohnlarson,http://www.larson.house.gov/,94.64
http://api.nytimes.com/svc/politics/v3/us/legislative/congress/members/L000559.json,2,langevin.house.gov,CongressmanJimLangevin,6578978441,Jim,L000559,Langevin,,0.66,D,http://langevin.house.gov/rss.xml,6,RI,1668,jimlangevin,http://www.house.gov/langevin,93.86
http://api.nytimes.com/svc/politics/v3/us/legislative/congress/members/L000560.json,2,larsen.house.gov,RepRickLarsen,135654683137079,Rick,L000560,Larsen,,1.98,D,http://larsen.house.gov/rss.xml,6,WA,1675,RepRickLarsen,http://www.house.gov/larsen,92.52
http://api.nytimes.com/svc/politics/v3/us/legislative/congress/members/L000562.json,9,lynch.house.gov,repstephenlynch,133720816696865,Stephen,L000562,Lynch,F.,3.29,D,http://lynch.house.gov/rss.xml,6,MA,1686,RepStephenLynch,http://lynch.house.gov/,91.99
http://api.nytimes.com/svc/politics/v3/us/legislative/congress/members/L000563.json,3,www.lipinski.house.gov,repdanlipinski,103286879730089,Daniel,L000563,Lipinski,,0.91,D,http://www.lipinski.house.gov/common/rss//index.cfm?rss=25,2,IL,1781,replipinski,http://www.lipinski.house.gov/,90.44
http://api.nytimes.com/svc/politics/v3/us/legislative/congress/members/M000087.json,14,maloney.house.gov,,,Carolyn,M000087,Maloney,B.,2.64,D,http://maloney.house.gov/rss.xml,14,NY,729,RepMaloney,http://maloney.house.gov/,93.65
http://api.nytimes.com/svc/politics/v3/us/legislative/congress/members/M000133.json,7,markey.senate.gov,EdJMarkey,6846731378,Edward,M000133,Markey,J.,1.24,D,,32,MA,735,markeymemo,,91.91
http://api.nytimes.com/svc/politics/v3/us/legislative/congress/members/M000249.json,4,,,,Robert,M000249,Matsui,T.,0.00,D,,28,CA,748,,,100.00
http://api.nytimes.com/svc/politics/v3/us/legislative/congress/members/M000309.json,4,carolynmccarthy.house.gov,,,Carolyn,M000309,McCarthy,,3.71,D,http://carolynmccarthy.house.gov/common/rss/?rss=155,10,NY,1503,RepMcCarthyNY,http://www.house.gov/carolynmccarthy,94.10
http://api.nytimes.com/svc/politics/v3/us/legislative/congress/members/M000312.json,3,mcgovern.house.gov,,,Jim,M000312,McGovern,,1.24,D,http://mcgovern.house.gov/common/rss/?rss=15,10,MA,1504,RepMcGovern,http://mcgovern.house.gov/,93.16
http://api.nytimes.com/svc/politics/v3/us/legislative/congress/members/M000388.json,4,,,,Jim,M000388,McCrery,O.,4.12,R,,20,LA,763,,,94.85
http://api.nytimes.com/svc/politics/v3/us/legislative/congress/members/M000404.json,7,mcdermott.house.gov,CongressmanJimMcDermott,246418928093,Jim,M000404,McDermott,,3.54,D,http://mcdermott.house.gov/index.php?format=feed&amp;type=rss,18,WA,766,RepJimMcDermott,http://www.house.gov/mcdermott,86.68
http://api.nytimes.com/svc/politics/v3/us/legislative/congress/members/M000472.json,23,,,,John,M000472,McHugh,M.,3.13,R,,14,NY,773,,,90.90
http://api.nytimes.com/svc/politics/v3/us/legislative/congress/members/M000485.json,7,mcintyre.house.gov,mikemcintyre,340903514856,Mike,M000485,McIntyre,,1.81,D,http://mcintyre.house.gov/index.php?format=feed&amp;type=rss,10,NC,1505,repmikemcintyre,http://www.house.gov/mcintyre,83.89
http://api.nytimes.com/svc/politics/v3/us/legislative/congress/members/M000508.json,25,mckeon.house.gov,BuckMcKeon,8138529578,Howard,M000508,McKeon,P.,2.31,R,http://mckeon.house.gov/news/rss.aspx,14,CA,778,BuckMcKeon,http://mckeon.house.gov/,96.21
http://api.nytimes.com/svc/politics/v3/us/legislative/congress/members/M000523.json,4,,,,Cynthia,M000523,McKinney,,10.46,D,,2,GA,780,,,87.12
http://api.nytimes.com/svc/politics/v3/us/legislative/congress/members/M000590.json,21,,,,Michael,M000590,McNulty,R.,2.88,D,,18,NY,785,,,93.21
http://api.nytimes.com/svc/politics/v3/us/legislative/congress/members/M000627.json,5,,,,Martin,M000627,Meehan,T.,6.75,D,,14,MA,788,,,94.52
http://api.nytimes.com/svc/politics/v3/us/legislative/congress/members/M000639.json,13,menendez.senate.gov,senatormenendez,349744811357,Robert,M000639,Menendez,,5.81,D,http://www.menendez.senate.gov/rss/feeds/,14,NJ,791,SenatorMenendez,http://menendez.senate.gov,92.56
http://api.nytimes.com/svc/politics/v3/us/legislative/congress/members/M000689.json,7,mica.house.gov,JohnMica,,John,M000689,Mica,L.,1.40,R,http://mica.house.gov/common/rss/index.cfm?rss=25,14,FL,800,,http://www.house.gov/mica,95.41
http://api.nytimes.com/svc/politics/v3/us/legislative/congress/members/M000714.json,37,,,,Juanita,M000714,Millender-McDonald,,14.42,D,,12,CA,805,,,95.48
http://api.nytimes.com/svc/politics/v3/us/legislative/congress/members/M000725.json,7,georgemiller.house.gov,repgeorgemiller,75298637905,George,M000725,Miller,,3.13,D,http://georgemiller.house.gov/rss.xml,32,CA,808,askgeorge,http://www.house.gov/georgemiller,91.50
http://api.nytimes.com/svc/politics/v3/us/legislative/congress/members/M000844.json,1,,,,Alan,M000844,Mollohan,B.,3.87,D,,24,WV,824,,,85.35
http://api.nytimes.com/svc/politics/v3/us/legislative/congress/members/M000933.json,8,moran.house.gov,RepJimMoran,100123453059,James,M000933,Moran,P.,5.44,D,http://moran.house.gov/rss.xml,16,VA,832,Jim_Moran,http://moran.house.gov/,90.85
http://api.nytimes.com/svc/politics/v3/us/legislative/congress/members/M000934.json,1,www.moran.senate.gov/public/,jerrymoran,171578807105,Jerry,M000934,Moran,,1.98,R,,10,KS,1507,JerryMoran,http://www.moran.senate.gov,89.75
http://api.nytimes.com/svc/politics/v3/us/legislative/congress/members/M001120.json,12,,,,John,M001120,Murtha,P.,8.40,D,,34,PA,844,,,83.63
http://api.nytimes.com/svc/politics/v3/us/legislative/congress/members/M001134.json,9,,,,Sue,M001134,Myrick,,4.04,R,,12,NC,849,SueMyrick,,90.47
http://api.nytimes.com/svc/politics/v3/us/legislative/congress/members/M001137.json,6,meeks.house.gov,gregory.meeks,1557025818,Gregory,M001137,Meeks,W.,7.00,D,http://meeks.house.gov/rss.xml,10,NY,1506,GregoryMeeks,http://www.house.gov/meeks,90.88
http://api.nytimes.com/svc/politics/v3/us/legislative/congress/members/M001138.json,16,,,,Donald,M001138,Manzullo,,6.84,R,,14,IL,733,donmanzullo,,92.22
http://api.nytimes.com/svc/politics/v3/us/legislative/congress/members/M001139.json,42,garymiller.house.gov,RepGaryMiller,105352226181045,Gary,M001139,Miller,G.,6.10,R,http://garymiller.house.gov/news/rss.aspx,8,CA,1584,repgarymiller,http://garymiller.house.gov/,93.77
http://api.nytimes.com/svc/politics/v3/us/legislative/congress/members/M001140.json,3,,,,Dennis,M001140,Moore,,2.72,D,,8,KS,1561,,,90.26
http://api.nytimes.com/svc/politics/v3/us/legislative/congress/members/M001142.json,2,matheson.house.gov,RepJimMatheson,131888123517015,Jim,M001142,Matheson,,0.82,D,http://matheson.house.gov/rss/news-releases.xml,6,UT,1671,RepJimMatheson,http://matheson.house.gov/,78.57
http://api.nytimes.com/svc/politics/v3/us/legislative/congress/members/M001143.json,4,mccollum.house.gov,repbettymccollum,153386471383393,Betty,M001143,McCollum,,2.14,D,http://mccollum.house.gov/rss.xml,6,MN,1653,BettyMcCollum04,http://www.house.gov/mccollum,93.69
http://api.nytimes.com/svc/politics/v3/us/legislative/congress/members/M001144.json,1,jeffmiller.house.gov,RepJeffMiller,66367876671,Jeff,M001144,Miller,,4.37,R,http://jeffmiller.house.gov/news/rss.aspx,6,FL,1685,,http://jeffmiller.house.gov/,89.66
http://api.nytimes.com/svc/politics/v3/us/legislative/congress/members/M001146.json,3,,,,Jim,M001146,Marshall,,3.87,D,,4,GA,1718,,,79.09
http://api.nytimes.com/svc/politics/v3/us/legislative/congress/members/M001147.json,11,,,,Thaddeus,M001147,McCotter,,0.82,R,,4,MI,1732,ThadMcCotter,,90.12
http://api.nytimes.com/svc/politics/v3/us/legislative/congress/members/M001148.json,17,,,,Kendrick,M001148,Meek,B.,3.62,D,,4,FL,1715,kendrickbmeek,,93.16
http://api.nytimes.com/svc/politics/v3/us/legislative/congress/members/M001149.json,2,michaud.house.gov,RepMikeMichaud,131279995382,Michael,M001149,Michaud,H.,0.66,D,http://michaud.house.gov/rss.xml,4,ME,1730,RepMikeMichaud,http://michaud.house.gov/,92.54
http://api.nytimes.com/svc/politics/v3/us/legislative/congress/members/M001150.json,10,candicemiller.house.gov,CongresswomanCandiceMiller,210401648605,Candice,M001150,Miller,S.,4.20,R,http://candicemiller.house.gov/rss.xml,4,MI,1731,CandiceMiller,http://candicemiller.house.gov/,92.52
http://api.nytimes.com/svc/politics/v3/us/legislative/congress/members/M001151.json,18,murphy.house.gov,reptimmurphy,105769762798552,Tim,M001151,Murphy,,2.97,R,http://murphy.house.gov/common/rss/?rss=44,4,PA,1744,RepTimMurphy,http://murphy.house.gov/,93.29
http://api.nytimes.com/svc/politics/v3/us/legislative/congress/members/M001152.json,4,,,,Marilyn,M001152,Musgrave,N.,3.62,R,,4,CO,1711,,,91.71
http://api.nytimes.com/svc/politics/v3/us/legislative/congress/members/M001154.json,13,,,,Brad,M001154,Miller,,0.41,D,,4,NC,1735,RepBradMiller,,92.80
http://api.nytimes.com/svc/politics/v3/us/legislative/congress/members/M001155.json,14,,,,Connie,M001155,Mack,,1.24,R,,2,FL,1776,RepConnieMack,,91.66
http://api.nytimes.com/svc/politics/v3/us/legislative/congress/members/M001156.json,10,mchenry.house.gov,CongressmanMcHenry,8045519803,Patrick,M001156,McHenry,T.,1.89,R,http://mchenry.house.gov/News/Rss.aspx,2,NC,1792,PatrickMcHenry,http://mchenry.house.gov/,90.60
http://api.nytimes.com/svc/politics/v3/us/legislative/congress/members/M001157.json,10,mccaul.house.gov,michaeltmccaul,6355254859,Michael,M001157,McCaul,,1.89,R,http://mccaul.house.gov/rss/press-releases.xml,2,TX,1804,McCaulPressShop,http://mccaul.house.gov/,94.63
http://api.nytimes.com/svc/politics/v3/us/legislative/congress/members/M001158.json,24,marchant.house.gov,RepKennyMarchant,6349487899,Kenny,M001158,Marchant,,3.21,R,http://marchant.house.gov/news/rss.aspx,2,TX,1806,RepKenMarchant,http://marchant.house.gov/,93.87
http://api.nytimes.com/svc/politics/v3/us/legislative/congress/members/M001159.json,5,mcmorris.house.gov,mcmorrisrodgers,321618789771,Cathy,M001159,McMorris Rodgers,,2.55,R,http://mcmorris.house.gov/common/rss/?rss=96,2,WA,1809,cathymcmorris,http://mcmorris.house.gov/,94.76
http://api.nytimes.com/svc/politics/v3/us/legislative/congress/members/M001160.json,4,gwenmoore.house.gov,GwenSMoore,58864029545,Gwen,M001160,Moore,,3.05,D,http://gwenmoore.house.gov/common/rss/index.cfm?rss=49,2,WI,1811,RepGwenMoore,http://www.house.gov/gwenmoore,92.61
http://api.nytimes.com/svc/politics/v3/us/legislative/congress/members/M001161.json,3,,,,Charlie,M001161,Melancon,,3.54,D,,2,LA,1786,,,80.27
http://api.nytimes.com/svc/politics/v3/us/legislative/congress/members/M001163.json,5,matsui.house.gov,doris.matsui,,Doris,M001163,Matsui,,1.30,D,http://matsui.house.gov/index.php?format=feed&amp;type=rss,2,CA,1814,DorisMatsui,http://matsui.house.gov/,95.42
http://api.nytimes.com/svc/politics/v3/us/legislative/congress/members/N000002.json,8,nadler.house.gov,CongressmanNadler,78291598977,Jerrold,N000002,Nadler,,3.38,D,http://nadler.house.gov/rss.xml,16,NY,850,RepJerryNadler,http://www.house.gov/nadler,92.67
http://api.nytimes.com/svc/politics/v3/us/legislative/congress/members/N000015.json,2,neal.house.gov,325642654132598,325642654132598,Richard,N000015,Neal,E.,5.44,D,http://neal.house.gov/index.php?format=feed&amp;type=rss,18,MA,854,RepRichardNeal,http://neal.house.gov/,94.43
http://api.nytimes.com/svc/politics/v3/us/legislative/congress/members/N000081.json,18,,,,Robert,N000081,Ney,William,8.68,R,,12,OH,862,,,92.25
http://api.nytimes.com/svc/politics/v3/us/legislative/congress/members/N000143.json,3,,,,Anne,N000143,Northup,Meagher,5.35,R,,10,KY,1508,,,96.17
http://api.nytimes.com/svc/politics/v3/us/legislative/congress/members/N000147.json,79,www.norton.house.gov,CongresswomanNorton,61731840657,Eleanor,N000147,Norton,Holmes,0.00,D,http://www.norton.house.gov/index.php?format=feed&amp;type=rss,16,DC,868,EleanorNorton,http://www.house.gov/norton,0.00
http://api.nytimes.com/svc/politics/v3/us/legislative/congress/members/N000159.json,9,,,,Charles,N000159,Norwood,W.,8.26,R,,12,GA,869,,,90.90
http://api.nytimes.com/svc/politics/v3/us/legislative/congress/members/N000172.json,1,,,,James,N000172,Nussle,Allen,13.18,R,,16,IA,871,,,94.78
http://api.nytimes.com/svc/politics/v3/us/legislative/congress/members/N000179.json,38,napolitano.house.gov,RepGraceNapolitano,163108420409412,Grace,N000179,Napolitano,F.,5.35,D,http://napolitano.house.gov/rss.xml,8,CA,1602,gracenapolitano,http://napolitano.house.gov/,95.13
http://api.nytimes.com/svc/politics/v3/us/legislative/congress/members/N000181.json,21,nunes.house.gov,,,Devin,N000181,Nunes,,2.55,R,http://nunes.house.gov/news/rss.aspx,4,CA,1710,Rep_DevinNunes,http://nunes.house.gov/,96.28
http://api.nytimes.com/svc/politics/v3/us/legislative/congress/members/N000182.json,19,randy.house.gov,rep.randy.neugebauer,64137294987,Randy,N000182,Neugebauer,,1.24,R,http://randy.house.gov/rss.xml,4,TX,1758,RandyNeugebauer,http://randy.house.gov/,91.91
http://api.nytimes.com/svc/politics/v3/us/legislative/congress/members/O000006.json,8,,,,James,O000006,Oberstar,L.,5.52,D,,32,MN,876,JimOberstar,,89.10
http://api.nytimes.com/svc/politics/v3/us/legislative/congress/members/O000007.json,7,,,,David,O000007,Obey,R.,3.13,D,,38,WI,877,,,91.07
http://api.nytimes.com/svc/politics/v3/us/legislative/congress/members/O000085.json,1,,,,John,O000085,Olver,W.,3.29,D,,16,MA,879,,,90.72
http://api.nytimes.com/svc/politics/v3/us/legislative/congress/members/O000107.json,27,,,,Solomon,O000107,Ortiz,P.,6.43,D,,24,TX,880,,,86.62
http://api.nytimes.com/svc/politics/v3/us/legislative/congress/members/O000159.json,11,,,,Major,O000159,Owens,R.,4.20,D,,24,NY,883,,,92.43
http://api.nytimes.com/svc/politics/v3/us/legislative/congress/members/O000163.json,4,,,,Michael,O000163,Oxley,G.,12.60,R,,26,OH,885,,,95.00
http://api.nytimes.com/svc/politics/v3/us/legislative/congress/members/O000165.json,3,,,,Thomas,O000165,Osborne,William,4.63,R,,6,NE,1658,,,94.54
http://api.nytimes.com/svc/politics/v3/us/legislative/congress/members/O000166.json,1,,,,C.L.,O000166,Otter,,2.72,R,,6,ID,1646,,,84.76
http://api.nytimes.com/svc/politics/v3/us/legislative/congress/members/P000034.json,6,pallone.house.gov,repfrankpallone,6517277731,Frank,P000034,Pallone,,1.89,D,http://pallone.house.gov/rss.xml,20,NJ,887,FrankPallone,http://www.house.gov/pallone,93.79
http://api.nytimes.com/svc/politics/v3/us/legislative/congress/members/P000096.json,8,pascrell.house.gov,pascrell,303312929155,Bill,P000096,Pascrell Jr.,,3.29,D,http://www.house.gov/apps/list/press/nj08_pascrell/RSS.xml,10,NJ,1510,BillPascrell,http://pascrell.house.gov/,93.27
http://api.nytimes.com/svc/politics/v3/us/legislative/congress/members/P000099.json,4,www.pastor.house.gov,,,Ed,P000099,Pastor,,0.74,D,http://www.pastor.house.gov/index.php?format=feed&amp;type=rss,16,AZ,893,PastorForAZ,http://www.house.gov/pastor,90.21
http://api.nytimes.com/svc/politics/v3/us/legislative/congress/members/P000149.json,10,payne.house.gov,,,Donald,P000149,Payne,M.,13.92,D,http://payne.house.gov/rss.xml,18,NJ,902,Payne10thNJ,http://payne.house.gov/,90.24
http://api.nytimes.com/svc/politics/v3/us/legislative/congress/members/P000197.json,8,pelosi.house.gov,NancyPelosi,86574174383,Nancy,P000197,Pelosi,,4.37,D,http://pelosi.house.gov/atom.xml,20,CA,905,NancyPelosi,http://pelosi.house.gov/,95.44
http://api.nytimes.com/svc/politics/v3/us/legislative/congress/members/P000258.json,7,collinpeterson.house.gov,,,Collin,P000258,Peterson,C.,2.06,D,http://collinpeterson.house.gov/rss.xml,16,MN,910,,http://collinpeterson.house.gov/,77.88
http://api.nytimes.com/svc/politics/v3/us/legislative/congress/members/P000263.json,5,,,,John,P000263,Peterson,E.,9.06,R,,10,PA,1512,,,95.56
http://api.nytimes.com/svc/politics/v3/us/legislative/congress/members/P000265.json,6,petri.house.gov,thomaspetri,,Tom,P000265,Petri,,0.66,R,http://petri.house.gov/rss.xml,28,WI,912,,http://petri.house.gov/,85.74
http://api.nytimes.com/svc/politics/v3/us/legislative/congress/members/P000323.json,3,,,,Charles,P000323,Pickering,W.,5.27,R,,10,MS,1513,,,95.04
http://api.nytimes.com/svc/politics/v3/us/legislative/congress/members/P000373.json,16,pitts.house.gov,94156528752,94156528752,Joe,P000373,Pitts,,1.32,R,http://pitts.house.gov/rss.xml,10,PA,1514,RepJoePitts,http://pitts.house.gov/,90.48
http://api.nytimes.com/svc/politics/v3/us/legislative/congress/members/P000419.json,11,,,,Richard,P000419,Pombo,W.,4.86,R,,14,CA,921,,,94.72
http://api.nytimes.com/svc/politics/v3/us/legislative/congress/members/P000422.json,1,,,,Earl,P000422,Pomeroy,,1.81,D,,14,ND,922,,,88.09
http://api.nytimes.com/svc/politics/v3/us/legislative/congress/members/P000449.json,2,,robportman,45243961073,Rob,P000449,Portman,,9.33,R,http://www.portman.senate.gov/public/index.cfm/rss/feed,14,OH,924,robportman,http://www.portman.senate.gov,97.06
http://api.nytimes.com/svc/politics/v3/us/legislative/congress/members/P000523.json,4,price.house.gov,,,David,P000523,Price,E.,1.24,D,http://price.house.gov/index.php?format=feed&amp;type=rss,18,NC,930,RepDavidEPrice,http://price.house.gov/,94.58
http://api.nytimes.com/svc/politics/v3/us/legislative/congress/members/P000555.json,15,,,,Deborah,P000555,Pryce,D.,3.79,R,,14,OH,933,,,93.84
http://api.nytimes.com/svc/politics/v3/us/legislative/congress/members/P000583.json,14,,,,Ron,P000583,Paul,,6.92,R,,18,TX,900,RepRonPaul,,60.27
http://api.nytimes.com/svc/politics/v3/us/legislative/congress/members/P000585.json,19,,,,Todd,P000585,Platts,R.,2.80,R,,6,PA,1667,,,85.42
http://api.nytimes.com/svc/politics/v3/us/legislative/congress/members/P000586.json,12,,,,Adam,P000586,Putnam,H.,0.74,R,,6,FL,1645,,,95.85
http://api.nytimes.com/svc/politics/v3/us/legislative/congress/members/P000587.json,6,,,,Mike,P000587,Pence,,3.87,R,,6,IN,1649,RepMikePence,,89.20
http://api.nytimes.com/svc/politics/v3/us/legislative/congress/members/P000588.json,2,pearce.house.gov,RepStevePearce,180280568662135,Steve,P000588,Pearce,,2.31,R,http://pearce.house.gov/rss.xml,4,NM,1738,RepStevePearce,http://pearce.house.gov/,94.27
http://api.nytimes.com/svc/politics/v3/us/legislative/congress/members/P000589.json,3,,,,Jon,P000589,Porter,Christopher,0.08,R,,4,NV,1739,,,90.77
http://api.nytimes.com/svc/politics/v3/us/legislative/congress/members/P000591.json,6,tomprice.house.gov,reptomprice,172032960420,Tom,P000591,Price,,1.40,R,http://tomprice.house.gov/rss.xml,2,GA,1778,RepTomPrice,http://tomprice.house.gov/,90.31
http://api.nytimes.com/svc/politics/v3/us/legislative/congress/members/P000592.json,2,www.house.gov,106631626049851,106631626049851,Ted,P000592,Poe,,3.54,R,http://poe.house.gov/index.php?option=com_ninjarsssyndicator&amp;feed_id=1&amp;format=raw,2,TX,1802,JudgeTedPoe,http://poe.house.gov/,88.64
http://api.nytimes.com/svc/politics/v3/us/legislative/congress/members/R000004.json,19,,,,George,R000004,Radanovich,P.,6.01,R,,12,CA,939,RepRadanovich,,93.60
http://api.nytimes.com/svc/politics/v3/us/legislative/congress/members/R000011.json,3,www.rahall.house.gov,NickRahall,357958026910,Nick,R000011,Rahall II,J.,1.73,D,http://rahall.house.gov/rss.xml,30,WV,940,,http://www.rahall.house.gov/,88.01
http://api.nytimes.com/svc/politics/v3/us/legislative/congress/members/R000033.json,3,,,,James,R000033,Ramstad,M.,1.65,R,,16,MN,942,,,81.74
http://api.nytimes.com/svc/politics/v3/us/legislative/congress/members/R000053.json,15,rangel.house.gov,CBRangel,7390589055,Charles,R000053,Rangel,B.,5.27,D,http://rangel.house.gov/rss.xml,36,NY,944,cbrangel,http://rangel.house.gov/,94.09
http://api.nytimes.com/svc/politics/v3/us/legislative/congress/members/R000141.json,16,,,,Ralph,R000141,Regula,,0.33,R,,34,OH,951,,,93.22
http://api.nytimes.com/svc/politics/v3/us/legislative/congress/members/R000170.json,16,,,,Silvestre,R000170,Reyes,,10.71,D,,10,TX,1516,silvestrereyes,,89.11
http://api.nytimes.com/svc/politics/v3/us/legislative/congress/members/R000395.json,5,halrogers.house.gov,CongressmanHalRogers,6722039085,Harold,R000395,Rogers,,1.07,R,http://halrogers.house.gov/news/rss.aspx,26,KY,977,RepHalRogers,http://halrogers.house.gov/,95.42
http://api.nytimes.com/svc/politics/v3/us/legislative/congress/members/R000409.json,46,rohrabacher.house.gov,,,Dana,R000409,Rohrabacher,,1.57,R,http://rohrabacher.house.gov/rss.xml,18,CA,979,,http://www.house.gov/rohrabacher,86.78
http://api.nytimes.com/svc/politics/v3/us/legislative/congress/members/R000435.json,18,ros-lehtinen.house.gov,iroslehtinen,286546974761109,Ileana,R000435,Ros-Lehtinen,,6.92,R,http://ros-lehtinen.house.gov/rss.xml,18,FL,985,RosLehtinen,http://ros-lehtinen.house.gov/,92.48
http://api.nytimes.com/svc/politics/v3/us/legislative/congress/members/R000462.json,9,,,,Steven,R000462,Rothman,R.,6.51,D,,10,NJ,1520,,,93.30
http://api.nytimes.com/svc/politics/v3/us/legislative/congress/members/R000486.json,34,roybal-allard.house.gov,RepRoybalAllard,139773069370563,Lucille,R000486,Roybal-Allard,,6.43,D,http://roybal-allard.house.gov/News/Rss.aspx,14,CA,997,RepRoybalAllard,http://www.house.gov/roybal-allard,94.28
http://api.nytimes.com/svc/politics/v3/us/legislative/congress/members/R000487.json,40,www.royce.house.gov,EdRoyce,6460640558,Ed,R000487,Royce,,1.98,R,http://royce.house.gov/News/Rss.aspx,14,CA,998,RepEdRoyce,http://royce.house.gov/,89.41
http://api.nytimes.com/svc/politics/v3/us/legislative/congress/members/R000515.json,1,rush.house.gov,congressmanbobbyrush,230753786936538,Bobby,R000515,Rush,L.,9.06,D,http://rush.house.gov/rss.xml,14,IL,1003,RepBobbyRush,http://rush.house.gov/,92.21
http://api.nytimes.com/svc/politics/v3/us/legislative/congress/members/R000566.json,2,,,,Jim,R000566,Ryun,R.,0.82,R,,12,KS,1521,,,93.77
http://api.nytimes.com/svc/politics/v3/us/legislative/congress/members/R000569.json,26,,,,Thomas,R000569,Reynolds,M.,5.02,R,,8,NY,1587,,,94.62
http://api.nytimes.com/svc/politics/v3/us/legislative/congress/members/R000570.json,1,paulryan.house.gov,reppaulryan,7123827676,Paul,R000570,Ryan,D.,0.99,R,http://paulryan.house.gov/news/rss.aspx,8,WI,1560,reppaulryan,http://paulryan.house.gov/,88.94
http://api.nytimes.com/svc/politics/v3/us/legislative/congress/members/R000571.json,1,,,,Denny,R000571,Rehberg,,0.66,R,,6,MT,1657,DennyRehberg,,95.11
http://api.nytimes.com/svc/politics/v3/us/legislative/congress/members/R000572.json,8,mikerogers.house.gov,168209963203416,168209963203416,Mike,R000572,Rogers,,1.24,R,http://mikerogers.house.gov/news/rss.aspx,6,MI,1651,RepMikeRogers,http://mikerogers.house.gov/,92.91
http://api.nytimes.com/svc/politics/v3/us/legislative/congress/members/R000573.json,4,,,,Mike,R000573,Ross,,3.46,D,,6,AR,1632,RepMikeRoss,,85.58
http://api.nytimes.com/svc/politics/v3/us/legislative/congress/members/R000574.json,1,,,,Rick,R000574,Renzi,,0.82,R,,4,AZ,1706,,,92.11
http://api.nytimes.com/svc/politics/v3/us/legislative/congress/members/R000575.json,3,mike-rogers.house.gov,171770326187035,,Mike,R000575,Rogers,D.,2.55,R,http://mike-rogers.house.gov/rss.xml,6,AL,1704,RepMikeRogersAL,http://mike-rogers.house.gov/,94.84
http://api.nytimes.com/svc/politics/v3/us/legislative/congress/members/R000576.json,2,dutch.house.gov,184756771570504,,C.A. Dutch,R000576,Ruppersberger,,2.88,D,http://dutch.house.gov/atom.xml,4,MD,1728,Call_Me_Dutch,http://www.house.gov/ruppersberger,91.77
http://api.nytimes.com/svc/politics/v3/us/legislative/congress/members/R000577.json,17,timryan.house.gov,timryan,121560497865,Tim,R000577,Ryan,,2.39,D,http://timryan.house.gov/rss.xml,4,OH,1756,RepTimRyan,http://timryan.house.gov/,92.49
http://api.nytimes.com/svc/politics/v3/us/legislative/congress/members/R000578.json,8,reichert.house.gov,repdavereichert,91504302598,Dave,R000578,Reichert,,2.47,R,http://reichert.house.gov/rss.xml,2,WA,1810,davereichert,http://www.house.gov/reichert,89.86
http://api.nytimes.com/svc/politics/v3/us/legislative/congress/members/S000005.json,5,,,,Martin,S000005,Sabo,Olav,3.95,D,,28,MN,1007,,,90.48
http://api.nytimes.com/svc/politics/v3/us/legislative/congress/members/S000030.json,47,www.lorettasanchez.house.gov,LorettaSanchez,90966961167,Loretta,S000030,Sanchez,,5.35,D,http://lorettasanchez.house.gov/rss.xml,10,CA,1522,lorettasanchez,http://www.lorettasanchez.house.gov/,93.47
http://api.nytimes.com/svc/politics/v3/us/legislative/congress/members/S000033.json,1,www.sanders.senate.gov,senatorsanders,9124187907,Bernard,S000033,Sanders,,4.28,I,http://www.sanders.senate.gov/rss/newsroom.xml,16,VT,1010,sensanders,http://www.sanders.senate.gov,94.58
http://api.nytimes.com/svc/politics/v3/us/legislative/congress/members/S000097.json,3,,,,H. James,S000097,Saxton,,1.32,R,,24,NJ,1023,,,88.56
http://api.nytimes.com/svc/politics/v3/us/legislative/congress/members/S000185.json,3,www.bobbyscott.house.gov,CongressmanBobbyScott,123839200978190,Robert,S000185,Scott,C.,1.98,D,http://www.bobbyscott.house.gov/index.php?format=feed&amp;type=rss,14,VA,1037,repbobbyscott,http://www.house.gov/scott,91.76
http://api.nytimes.com/svc/politics/v3/us/legislative/congress/members/S000244.json,5,sensenbrenner.house.gov,RepSensenbrenner,,F.,S000244,Sensenbrenner,James,1.98,R,http://sensenbrenner.house.gov/news/rss.aspx,28,WI,1041,JimPressOffice,http://www.house.gov/sensenbrenner,86.13
http://api.nytimes.com/svc/politics/v3/us/legislative/congress/members/S000248.json,16,serrano.house.gov,RepJoseSerrano,273446508512,José,S000248,Serrano,E.,2.39,D,http://serrano.house.gov/rss.xml,18,NY,1042,repjoseserrano,http://serrano.house.gov/,91.90
http://api.nytimes.com/svc/politics/v3/us/legislative/congress/members/S000250.json,32,sessions.house.gov,petesessions,367963843082,Pete,S000250,Sessions,,10.87,R,http://sessions.house.gov/?a=RSS.Feed,10,TX,1525,petesessions,http://sessions.house.gov/,92.05
http://api.nytimes.com/svc/politics/v3/us/legislative/congress/members/S000275.json,3,,,,John,S000275,Shadegg,,3.31,R,,12,AZ,1043,,,88.63
http://api.nytimes.com/svc/politics/v3/us/legislative/congress/members/S000303.json,22,,,,E. Clay,S000303,Shaw,,2.80,R,,26,FL,1047,,,93.81
http://api.nytimes.com/svc/politics/v3/us/legislative/congress/members/S000344.json,27,bradsherman.house.gov,63158229861,63158229861,Brad,S000344,Sherman,,1.15,D,http://bradsherman.house.gov/atom.xml,10,CA,1526,BradSherman,http://bradsherman.house.gov/,94.33
http://api.nytimes.com/svc/politics/v3/us/legislative/congress/members/S000364.json,19,shimkus.house.gov,repshimkus,123916254317516,John,S000364,Shimkus,,3.29,R,http://shimkus.house.gov/rss.xml,10,IL,1527,RepShimkus,http://shimkus.house.gov/,91.82
http://api.nytimes.com/svc/politics/v3/us/legislative/congress/members/S000465.json,4,,,,Ike,S000465,Skelton,,3.62,D,,30,MO,1064,,,85.73
http://api.nytimes.com/svc/politics/v3/us/legislative/congress/members/S000480.json,28,www.louise.house.gov,RepLouiseSlaughter,82424647700,Louise,S000480,Slaughter,M.,7.91,D,http://www.louise.house.gov/index.php?format=feed&amp;type=rss,20,NY,1069,louiseslaughter,http://www.louise.house.gov/,93.83
http://api.nytimes.com/svc/politics/v3/us/legislative/congress/members/S000510.json,9,adamsmith.house.gov,RepAdamSmith,288586617834523,Adam,S000510,Smith,,3.05,D,http://adamsmith.house.gov/news/rss.aspx,10,WA,1528,Rep_Adam_Smith,http://www.house.gov/adamsmith,91.08
http://api.nytimes.com/svc/politics/v3/us/legislative/congress/members/S000522.json,4,chrissmith.house.gov,,,Christopher,S000522,Smith,H.,1.81,R,http://chrissmith.house.gov/News/Rss.aspx,26,NJ,1071,,http://chrissmith.house.gov/,85.23
http://api.nytimes.com/svc/politics/v3/us/legislative/congress/members/S000583.json,21,lamarsmith.house.gov,LamarSmithTX21,107736785195,Lamar,S000583,Smith,,3.13,R,http://lamarsmith.house.gov/rss.xml,20,TX,1075,LamarSmithTX21,http://lamarsmith.house.gov/,96.34
http://api.nytimes.com/svc/politics/v3/us/legislative/congress/members/S000672.json,2,,,,Vic,S000672,Snyder,,5.11,D,,10,AR,1530,,,90.19
http://api.nytimes.com/svc/politics/v3/us/legislative/congress/members/S000749.json,5,,,,John,S000749,Spratt Jr.,M.,1.73,D,,24,SC,1092,,,91.03
http://api.nytimes.com/svc/politics/v3/us/legislative/congress/members/S000810.json,13,,,,Pete,S000810,Stark,,10.21,D,,34,CA,1101,petestark,,86.97
http://api.nytimes.com/svc/politics/v3/us/legislative/congress/members/S000822.json,6,,,,Cliff,S000822,Stearns,,1.07,R,,18,FL,1103,RepCliffStearns,,88.01
http://api.nytimes.com/svc/politics/v3/us/legislative/congress/members/S001004.json,6,,,,Ted,S001004,Strickland,,22.82,D,,10,OH,1118,,,91.25
http://api.nytimes.com/svc/politics/v3/us/legislative/congress/members/S001045.json,1,,,,Bart,S001045,Stupak,,7.33,D,,14,MI,1123,,,90.67
http://api.nytimes.com/svc/politics/v3/us/legislative/congress/members/S001143.json,3,,,,Mark,S001143,Souder,,3.62,R,,12,IN,1089,,,93.59
http://api.nytimes.com/svc/politics/v3/us/legislative/congress/members/S001144.json,4,,,,Christopher,S001144,Shays,H.,5.35,R,,20,CT,1048,,,76.85
http://api.nytimes.com/svc/politics/v3/us/legislative/congress/members/S001145.json,9,schakowsky.house.gov,janschakowsky,160143957118,Jan,S001145,Schakowsky,,2.80,D,http://schakowsky.house.gov/index.php?format=feed&amp;type=rss,8,IL,1588,janschakowsky,http://www.house.gov/schakowsky,90.51
http://api.nytimes.com/svc/politics/v3/us/legislative/congress/members/S001146.json,10,,,,Donald,S001146,Sherwood,L.,2.80,R,,8,PA,1589,,,93.73
http://api.nytimes.com/svc/politics/v3/us/legislative/congress/members/S001148.json,2,simpson.house.gov,96007744606,96007744606,Mike,S001148,Simpson,,2.64,R,http://simpson.house.gov/news/rss.aspx,8,ID,1590,CongMikeSimpson,http://www.house.gov/simpson,94.50
http://api.nytimes.com/svc/politics/v3/us/legislative/congress/members/S001149.json,20,,,,John,S001149,Sweeney,E.,14.74,R,,8,NY,1591,,,88.89
http://api.nytimes.com/svc/politics/v3/us/legislative/congress/members/S001150.json,29,schiff.house.gov,RepAdamSchiff,9086721830,Adam,S001150,Schiff,B.,3.62,D,http://schiff.house.gov/common/rss/?rss=49,6,CA,1635,RepAdamSchiff,http://schiff.house.gov/,94.62
http://api.nytimes.com/svc/politics/v3/us/legislative/congress/members/S001152.json,2,,,,Robert,S001152,Simmons,Ruhl,3.79,R,,6,CT,1642,,,83.13
http://api.nytimes.com/svc/politics/v3/us/legislative/congress/members/S001153.json,32,,,,Hilda,S001153,Solis,L.,3.05,D,,6,CA,1636,,,93.97
http://api.nytimes.com/svc/politics/v3/us/legislative/congress/members/S001154.json,9,shuster.house.gov,Rep.Shuster,54386677806,Bill,S001154,Shuster,,0.99,R,http://shuster.house.gov/common/rss//index.cfm?rss=49,6,PA,1681,RepBillShuster,http://www.house.gov/shuster,93.18
http://api.nytimes.com/svc/politics/v3/us/legislative/congress/members/S001155.json,1,,,,John,S001155,Sullivan,,5.93,R,,6,OK,1689,USRepSullivan,,92.56
http://api.nytimes.com/svc/politics/v3/us/legislative/congress/members/S001156.json,39,lindasanchez.house.gov,CongresswomanLindaSanchez,110685735673141,Linda,S001156,Sanchez,T.,2.55,D,http://lindasanchez.house.gov/index.php?format=feed&amp;type=rss,4,CA,1757,replindasanchez,http://lindasanchez.house.gov/,94.00
http://api.nytimes.com/svc/politics/v3/us/legislative/congress/members/S001157.json,13,davidscott.house.gov,113303673339,113303673339,David,S001157,Scott,,2.80,D,http://davidscott.house.gov/news/rss.aspx,4,GA,1722,repdavidscott,http://davidscott.house.gov/,88.56
http://api.nytimes.com/svc/politics/v3/us/legislative/congress/members/S001158.json,3,,,,John,S001158,Salazar,,2.47,D,,2,CO,1775,,,87.33
http://api.nytimes.com/svc/politics/v3/us/legislative/congress/members/S001160.json,9,,,,Michael,S001160,Sodrel,E.,0.58,R,,2,IN,1783,,,94.70
http://api.nytimes.com/svc/politics/v3/us/legislative/congress/members/S001161.json,7,,,,John,S001161,Schwarz,J.H.,2.80,R,,2,MI,1788,,,89.75
http://api.nytimes.com/svc/politics/v3/us/legislative/congress/members/S001162.json,13,schwartz.house.gov,RepAllysonSchwartz,244000962363116,Allyson,S001162,Schwartz,Y.,0.82,D,http://schwartz.house.gov/rss.xml,2,PA,1798,,http://www.house.gov/schwartz,93.02
http://api.nytimes.com/svc/politics/v3/us/legislative/congress/members/S001164.json,2,,,,Jean,S001164,Schmidt,,0.39,R,,2,OH,1815,,,95.65
http://api.nytimes.com/svc/politics/v3/us/legislative/congress/members/S001165.json,13,sires.house.gov,81058818750,81058818750,Albio,S001165,Sires,,0.00,D,http://sires.house.gov/rss.xml,2,NJ,1818,Rep_Albio_Sires,http://sires.house.gov/,88.89
http://api.nytimes.com/svc/politics/v3/us/legislative/congress/members/S001166.json,22,,,,Shelley,S001166,Sekula-Gibbs,,0.00,R,,2,TX,1819,,,88.89
http://api.nytimes.com/svc/politics/v3/us/legislative/congress/members/T000038.json,8,,,,John,T000038,Tanner,,3.13,D,,18,TN,1137,,,81.80
http://api.nytimes.com/svc/politics/v3/us/legislative/congress/members/T000057.json,10,,,,Ellen,T000057,Tauscher,O.,1.07,D,,10,CA,1533,,,94.09
http://api.nytimes.com/svc/politics/v3/us/legislative/congress/members/T000067.json,11,,,,Charles,T000067,Taylor,H.,5.68,R,,16,NC,1141,,,94.50
http://api.nytimes.com/svc/politics/v3/us/legislative/congress/members/T000074.json,4,,,,Gene,T000074,Taylor,,5.19,D,,18,MS,1142,,,74.89
http://api.nytimes.com/svc/politics/v3/us/legislative/congress/members/T000188.json,22,,,,William,T000188,Thomas,M.,4.78,R,,28,CA,1148,,,93.69
http://api.nytimes.com/svc/politics/v3/us/legislative/congress/members/T000193.json,2,benniethompson.house.gov,7259193379,7259193379,Bennie,T000193,Thompson,,1.57,D,http://benniethompson.house.gov/index.php?format=feed&amp;type=rss,14,MS,1151,BennieGThompson,http://benniethompson.house.gov/,92.55
http://api.nytimes.com/svc/politics/v3/us/legislative/congress/members/T000238.json,13,thornberry.house.gov,repmacthornberry,7760165627,William,T000238,Thornberry,M.,0.99,R,,12,TX,1155,MacTXPress,http://thornberry.house.gov/,93.01
http://api.nytimes.com/svc/politics/v3/us/legislative/congress/members/T000260.json,4,,,,Todd,T000260,Tiahrt,,3.13,R,,12,KS,1158,RepToddTiahrt,,93.54
http://api.nytimes.com/svc/politics/v3/us/legislative/congress/members/T000266.json,6,tierney.house.gov,CongressmanJohnTierney,203760666318846,John,T000266,Tierney,F.,1.48,D,http://tierney.house.gov/index.php?format=feed&amp;type=rss,10,MA,1535,RepTierney,http://tierney.house.gov/,92.06
http://api.nytimes.com/svc/politics/v3/us/legislative/congress/members/T000326.json,10,,,,Edolphus,T000326,Towns,,8.24,D,,24,NY,1165,edtowns,,91.56
http://api.nytimes.com/svc/politics/v3/us/legislative/congress/members/T000458.json,6,,,,Thomas,T000458,Tancredo,G.,5.44,R,,8,CO,1592,,,85.02
http://api.nytimes.com/svc/politics/v3/us/legislative/congress/members/T000459.json,2,leeterry.house.gov,leeterry,393886975960,Lee,T000459,Terry,,2.22,R,http://leeterry.house.gov/index.php?format=feed&amp;type=rss,8,NE,1566,LEETERRYNE,http://leeterry.house.gov/,93.01
http://api.nytimes.com/svc/politics/v3/us/legislative/congress/members/T000460.json,1,mikethompson.house.gov,RepMikeThompson,7109195747,Mike,T000460,Thompson,,0.74,D,http://mikethompson.house.gov/news/rss.aspx,8,CA,1593,RepThompson,http://mikethompson.house.gov/,92.37
http://api.nytimes.com/svc/politics/v3/us/legislative/congress/members/T000462.json,12,tiberi.house.gov,RepPatTiberi,90452932937,Pat,T000462,Tiberi,,1.89,R,http://tiberi.house.gov/news/rss.aspx,6,OH,1664,tiberipress,http://tiberi.house.gov/,92.78
http://api.nytimes.com/svc/politics/v3/us/legislative/congress/members/T000463.json,3,turner.house.gov,RepMikeTurner,9275036647,Michael,T000463,Turner,R.,1.57,R,http://turner.house.gov/news/rss.aspx,4,OH,1741,RepMikeTurner,http://turner.house.gov/,93.89
http://api.nytimes.com/svc/politics/v3/us/legislative/congress/members/U000031.json,6,upton.house.gov,RepFredUpton,212027388827797,Fred,U000031,Upton,,0.00,R,http://upton.house.gov/news/rss.aspx,20,MI,1177,RepFredUpton,http://www.house.gov/upton,89.13
http://api.nytimes.com/svc/politics/v3/us/legislative/congress/members/U000038.json,2,,markudall,17204170252,Mark,U000038,Udall,,1.89,D,http://www.markudall.senate.gov/rss/?p=blog,8,CO,1595,MarkUdall,http://www.markudall.senate.gov,91.77
http://api.nytimes.com/svc/politics/v3/us/legislative/congress/members/U000039.json,3,,senatortomudall,106433512869,Tom,U000039,Udall,,2.88,D,http://www.tomudall.senate.gov/rss/,8,NM,1567,SenatorTomUdall,http://www.tomudall.senate.gov,92.54
http://api.nytimes.com/svc/politics/v3/us/legislative/congress/members/V000081.json,12,velazquez.house.gov,,,Nydia,V000081,Velázquez,M.,2.97,D,,14,NY,1184,NydiaVelazquez,http://www.house.gov/velazquez,92.28
http://api.nytimes.com/svc/politics/v3/us/legislative/congress/members/V000108.json,1,visclosky.house.gov,repvisclosky,118723661514709,Peter,V000108,Visclosky,J.,1.40,D,http://visclosky.house.gov/rss.xml,22,IN,1188,repvisclosky,http://visclosky.house.gov/,91.48
http://api.nytimes.com/svc/politics/v3/us/legislative/congress/members/V000128.json,8,vanhollen.house.gov,chrisvanhollen,109304033877,Chris,V000128,Van Hollen,,0.25,D,http://vanhollen.house.gov/news/rss.aspx,4,MD,1729,chrisvanhollen,http://vanhollen.house.gov/,95.62
http://api.nytimes.com/svc/politics/v3/us/legislative/congress/members/W000099.json,25,,,,James,W000099,Walsh,T.,4.45,R,,18,NY,1197,,,91.81
http://api.nytimes.com/svc/politics/v3/us/legislative/congress/members/W000119.json,3,,,,Zach,W000119,Wamp,,2.22,R,,12,TN,1199,zachwamp,,93.09
http://api.nytimes.com/svc/politics/v3/us/legislative/congress/members/W000187.json,35,waters.house.gov,MaxineWaters,117483585008,Maxine,W000187,Waters,,8.81,D,http://waters.house.gov/news/rss.aspx,16,CA,1205,MaxineWaters,http://www.house.gov/waters,89.25
http://api.nytimes.com/svc/politics/v3/us/legislative/congress/members/W000207.json,12,watt.house.gov,CongressmanMelWatt,191136754250537,Melvin,W000207,Watt,,2.22,D,http://watt.house.gov/index.php?format=feed&amp;type=rss,14,NC,1207,MelWattNC12,http://watt.house.gov/,92.00
http://api.nytimes.com/svc/politics/v3/us/legislative/congress/members/W000215.json,30,www.henrywaxman.house.gov,Rep.HenryWaxman,129514917081997,Henry,W000215,Waxman,A.,4.53,D,http://waxman.house.gov/rss.xml,32,CA,1209,WaxmanClimate,http://www.henrywaxman.house.gov/,93.53
http://api.nytimes.com/svc/politics/v3/us/legislative/congress/members/W000267.json,15,,,,David,W000267,Weldon,J.,3.13,R,,12,FL,1215,,,93.88
http://api.nytimes.com/svc/politics/v3/us/legislative/congress/members/W000268.json,7,,,,W. Curtis,W000268,Weldon,,4.70,R,,20,PA,1214,,,88.59
http://api.nytimes.com/svc/politics/v3/us/legislative/congress/members/W000273.json,11,,,,Gerald,W000273,Weller,C.,2.64,R,,12,IL,1216,,,92.22
http://api.nytimes.com/svc/politics/v3/us/legislative/congress/members/W000314.json,19,,,,Robert,W000314,Wexler,,9.23,D,,10,FL,1537,,,94.01
http://api.nytimes.com/svc/politics/v3/us/legislative/congress/members/W000413.json,1,whitfield.house.gov,RepEdWhitfield,91115765425,Edward,W000413,Whitfield,,3.95,R,http://whitfield.house.gov/rss.xml,12,KY,1222,repedwhitfield,http://www.house.gov/whitfield,92.80
http://api.nytimes.com/svc/politics/v3/us/legislative/congress/members/W000437.json,1,wicker.senate.gov,SenatorWicker,,Roger,W000437,Wicker,,2.88,R,,12,MS,1226,senatorwicker,http://www.wicker.senate.gov,96.18
http://api.nytimes.com/svc/politics/v3/us/legislative/congress/members/W000672.json,10,wolf.house.gov,RepFrankWolf,335759964938,Frank,W000672,Wolf,R.,1.32,R,http://wolf.house.gov/common/rss//index.cfm?rss=34,26,VA,1238,RepWOLFPress,http://www.house.gov/wolf,91.32
http://api.nytimes.com/svc/politics/v3/us/legislative/congress/members/W000738.json,6,,,,Lynn,W000738,Woolsey,,2.31,D,,14,CA,1242,RepLynnWoolsey,,90.73
http://api.nytimes.com/svc/politics/v3/us/legislative/congress/members/W000784.json,4,,,,Albert,W000784,Wynn,Russell,2.64,D,,14,MD,1251,,,91.29
http://api.nytimes.com/svc/politics/v3/us/legislative/congress/members/W000789.json,1,,,,Heather,W000789,Wilson,A.,1.89,R,,10,NM,1539,,,89.50
http://api.nytimes.com/svc/politics/v3/us/legislative/congress/members/W000791.json,2,walden.house.gov,repgregwalden,313301365382225,Greg,W000791,Walden,,0.91,R,http://walden.house.gov/common/rss/?rss=100,8,OR,1596,repgregwalden,http://walden.house.gov/,93.60
http://api.nytimes.com/svc/politics/v3/us/legislative/congress/members/W000792.json,9,,,,Anthony,W000792,Weiner,,4.94,D,,8,NY,1597,repweiner,,95.06
http://api.nytimes.com/svc/politics/v3/us/legislative/congress/members/W000793.json,1,,,,David,W000793,Wu,,0.82,D,,8,OR,1598,davidwu2010,,90.28
http://api.nytimes.com/svc/politics/v3/us/legislative/congress/members/W000794.json,33,,,,Diane,W000794,Watson,,9.14,D,,6,CA,1682,,,92.20
http://api.nytimes.com/svc/politics/v3/us/legislative/congress/members/W000795.json,2,joewilson.house.gov,JoeWilson,70150469414,Joe,W000795,Wilson,,3.62,R,http://joewilson.house.gov/news/rss.aspx,6,SC,1688,USRepJoeWilson,http://joewilson.house.gov/,93.16
http://api.nytimes.com/svc/politics/v3/us/legislative/congress/members/W000796.json,8,westmoreland.house.gov,71389451419,71389451419,Lynn,W000796,Westmoreland,,4.86,R,http://westmoreland.house.gov/index.php?format=feed&amp;type=rss,2,GA,1779,repwestmoreland,http://westmoreland.house.gov/,89.26
http://api.nytimes.com/svc/politics/v3/us/legislative/congress/members/W000797.json,20,wassermanschultz.house.gov,RepDWS,88904724121,Debbie,W000797,Wasserman Schultz,,3.62,D,http://wassermanschultz.house.gov/atom.xml,2,FL,1777,RepDWStweets,http://wassermanschultz.house.gov/,93.33
http://api.nytimes.com/svc/politics/v3/us/legislative/congress/members/Y000031.json,10,young.house.gov,,,C. W. Bill,Y000031,Young,,8.65,R,http://young.house.gov/rss.xml,36,FL,1255,,http://www.house.gov/young,92.25
http://api.nytimes.com/svc/politics/v3/us/legislative/congress/members/Y000033.json,1,donyoung.house.gov,RepDonYoung,7476269851,Don,Y000033,Young,,8.24,R,http://donyoung.house.gov/news/rss.aspx,34,AK,1256,repdonyoung,http://donyoung.house.gov/,92.10
